positionCode,catches,height,weight,lastAmateurClub,lastAmateurLeague,birthDate,birthCity,birthStateProvince,birthCountryCode,midtermRank,finalRank,draftYear,international,fullName
G,L,78,196,Brynas Jr.,SWEDEN-JR.,1990-01-31,Gavle,NA,SWE,2,1,2008,TRUE,Jacob Markstrom
G,L,74,220,Guelph,OHL,1989-12-07,Amherst,NY,USA,3,1,2008,FALSE,Thomas McCollum
G,L,74,215,Tri-City,WHL,1989-11-29,Moncton,NB,CAN,1,2,2008,FALSE,Chet Pickard
G,L,73,202,Tappara,FINLAND,1989-12-29,Toijala,NA,FIN,NA,2,2008,TRUE,Harri Sateri
G,L,74,185,Lewiston,QMJHL,1990-02-16,Alliston,ON,CAN,2,3,2008,FALSE,Peter Delmas
G,L,78,220,Brynas,SWEDEN,1988-05-03,Gavle,NA,SWE,NA,3,2008,TRUE,Anders Lindback
G,L,73,200,Saskatoon,WHL,1989-09-16,Lloydminster,SK,CAN,9,4,2008,FALSE,Braden Holtby
G,R,74,183,Barrie,OHL,1990-03-02,Barrie,ON,CAN,18,5,2008,FALSE,Michael Hutchinson
G,L,74,190,FLORIDA,NHL,1988-09-20,Novokuznetsk,NA,RUS,NA,5,2008,TRUE,Sergei Bobrovsky
G,L,74,186,Seattle,WHL,1990-03-18,East York,ON,CAN,NA,6,2008,FALSE,Jacob Deserres
G,L,73,202,Victoriaville,QMJHL,1990-04-12,Montreal,QC,CAN,NA,7,2008,FALSE,Kevin Poulin
G,L,74,185,St. John's,QMJHL,1990-08-07,Fredericton,NB,CAN,NA,8,2008,FALSE,Jake Allen
G,L,71,185,Spokane,WHL,1989-09-16,Humboldt,SK,CAN,NA,9,2008,FALSE,Dustin Tokarski
G,L,75,191,Mississauga St. Michael's,OHL,1990-03-02,Ottawa,ON,CAN,NA,10,2008,FALSE,Christopher Carrozzi
G,L,73,200,GENEVE,SWISS,1989-10-09,Havirov,NA,CZE,NA,14,2008,FALSE,Robert Mayer
G,L,76,204,Brampton,OHL,1990-04-15,Almonte,ON,CAN,NA,15,2008,FALSE,Patrick Killeen
G,L,76,205,Owen Sound,OHL,1990-04-28,Sudbury,ON,CAN,NA,16,2008,FALSE,Tyler Beskorowany
G,L,72,164,Red Deer,WHL,1990-02-17,Toronto,ON,CAN,NA,18,2008,FALSE,Morgan Clark
G,L,71,170,NA,NA,1988-07-12,King City,ON,CAN,NA,19,2008,FALSE,Andrew Perugini
G,L,73,197,Baie Comeau,QMJHL,1989-11-09,St. Lazare,QC,CAN,NA,20,2008,FALSE,Marco Cousineau
G,L,75,174,NA,NA,1990-01-10,North Vancouver,BC,CAN,NA,21,2008,FALSE,Martin Jones
G,L,72,188,NA,NA,1990-06-14,Buckingham,QC,CAN,NA,22,2008,FALSE,Mathieu Leclair
G,L,80,221,Peterborough,OHL,1990-04-25,Chatham,ON,CAN,NA,23,2008,FALSE,Jason Missiaen
G,L,72,170,NA,NA,1990-05-02,Labrador City,NL,CAN,NA,26,2008,FALSE,Nicolas Champion
G,L,73,177,NA,NA,1989-09-23,Waltham,MA,USA,NA,30,2008,FALSE,Steven Hopkins
G,L,75,220,Frolunda Jr.,SWEDEN-JR.,1991-07-24,Gothenburg,NA,SWE,1,1,2009,TRUE,Robin Lehner
G,L,74,178,Plymouth,OHL,1990-03-07,London,ON,CAN,8,1,2009,FALSE,Matthew Hackett
G,L,79,202,Blues,FINLAND,1988-07-18,Vantaa,NA,FIN,2,2,2009,TRUE,Mikko Koskinen
G,L,72,194,Cape Breton,QMJHL,1991-07-12,Amqui,QC,CAN,4,2,2009,FALSE,Olivier Roy
G,L,74,218,Saginaw,OHL,1990-11-20,Toronto,ON,CAN,1,3,2009,FALSE,Edward Pasquale
G,L,76,202,TRNAVA,SLOVAKIA-2,1991-01-21,Bratislava,NA,SVK,4,3,2009,TRUE,Juraj Holly
G,L,76,209,NA,NA,1988-10-22,Zurich,NA,CHE,3,4,2009,TRUE,Lukas Flueler
G,L,73,185,Fargo,USHL,1990-10-05,Fargo,ND,USA,3,4,2009,FALSE,Michael Lee
G,L,74,195,Owen Sound,OHL,1991-06-14,Cambridge,ON,CAN,2,5,2009,FALSE,Scott Stajcer
G,L,77,226,Lulea Jr.,SWEDEN-JR.,1990-03-19,Lulea,NA,SWE,7,5,2009,TRUE,Anders Nilsson
G,R,75,190,Plzen,Czech Republic,1991-07-18,Ceske Budejovice,NA,CZE,5,6,2009,TRUE,Marek Mazanec
G,L,73,187,TPS Jr.,Finland Jr.,1991-04-16,Turku,NA,FIN,8,7,2009,TRUE,Joni Ortio
G,L,74,177,Oshawa,OHL,1991-05-08,Toronto,ON,CAN,10,7,2009,FALSE,Michael Zador
G,L,73,196,USA U-18,USDP,1991-03-22,Winter Park,FL,USA,11,8,2009,FALSE,Brandon Maxwell
G,L,76,206,Red Deer,WHL,1990-05-05,Saskatoon,SK,CAN,6,9,2009,FALSE,Darcy Kuemper
G,L,72,172,NA,NA,1991-03-02,Espoo,NA,FIN,NA,9,2009,TRUE,Erno Suomalainen
G,L,73,170,Montreal,QMJHL,1991-07-13,Repentigay,QC,CAN,5,10,2009,FALSE,Jean-Francois Berube
G,L,78,236,Magnitogorsk 2,RUSSIA-3,1991-01-02,Surgud,NA,RUS,NA,10,2009,TRUE,Igor Bobkov
G,L,72,190,GENEVE,SWISS,1989-05-12,Rauma,NA,FIN,12,11,2009,TRUE,Antti Raanta
G,L,77,185,Kootenay,WHL,1991-08-08,Abbotsford,BC,CAN,12,11,2009,FALSE,Nathan Lieuwen
G,R,75,200,NA,NA,1991-09-04,Wilmette,IL,USA,7,12,2009,FALSE,Cab Morris
G,L,73,198,NA,NA,1989-07-18,Stockholm,NA,SWE,NA,12,2009,TRUE,Mark Owuya
G,L,71,183,MANNHEIM,GERMANY,1990-12-16,Breisach,NA,DEU,11,13,2009,TRUE,Felix Bruckmann
G,L,72,190,Erie,OHL,1989-09-21,Presov,NA,SVK,18,13,2009,FALSE,Jaroslav Janus
G,L,71,194,NA,NA,1990-01-13,Oakville,ON,CAN,13,14,2009,FALSE,Peter Di Salvo
G,L,73,200,Merrimack,H-EAST,1990-01-02,Wakefield,MA,USA,NA,15,2009,FALSE,Joe Cannata
G,L,76,192,NA,NA,1990-12-30,Ville Ste-Catherine,QC,CAN,19,16,2009,FALSE,Karel St-Laurent
G,L,72,190,Boston University,H-EAST,1989-08-31,Edmonton,AB,CAN,NA,17,2009,FALSE,Kieran Millan
G,L,76,194,NA,NA,1991-04-04,Victoria,BC,CAN,15,18,2009,FALSE,Jon Groenheyde
G,L,77,215,Miami University,CCHA,1990-05-01,New York City,NY,USA,999,19,2009,FALSE,Connor Knapp
G,L,71,160,NA,NA,1991-02-06,King City,ON,CAN,16,20,2009,FALSE,Christopher Perugini
G,L,74,182,NA,NA,1990-04-27,Holliston,MA,USA,17,21,2009,FALSE,Michael Condon
G,L,74,188,Saskatoon,WHL,1991-02-09,Edmonton,AB,CAN,NA,24,2009,FALSE,Adam Morrison
G,L,74,194,NA,NA,1990-12-21,Sudbury,ON,CAN,22,25,2009,FALSE,Alain Valiquette
G,L,73,185,NA,NA,1990-12-15,North York,ON,CAN,NA,26,2009,FALSE,Mathieu Cadieux
G,L,74,175,NA,NA,1991-03-06,Amos,QC,CAN,14,27,2009,FALSE,Jean-Sebastien Boucher
G,L,74,192,NA,NA,1991-03-28,Anchorage,AK,USA,20,30,2009,FALSE,Adam Murray
G,L,76,183,NA,NA,1988-01-05,Norrtalje,NA,SWE,9,NA,2009,TRUE,Eddie Lack
G,L,71,183,NA,NA,1990-12-02,Malmo,NA,SWE,10,NA,2009,TRUE,Sebastian Idoff
G,L,73,188,NA,NA,1990-09-10,Calgary,AB,CAN,21,NA,2009,FALSE,Steven Stanford
G,L,72,165,NA,NA,1991-02-17,Rainy River,ON,CAN,23,NA,2009,FALSE,Matthew Ginn
G,L,72,187,NA,NA,1991-03-19,"Williamsville, NY",NY,USA,27,NA,2009,FALSE,Branden Komm
G,L,71,190,NA,NA,1991-04-18,Victoria,BC,CAN,28,NA,2009,FALSE,Jamie Tucker
G,L,72,195,Seattle,WHL,1992-04-15,Moncton,NB,CAN,1,1,2010,FALSE,Calvin Pickard
G,L,74,190,Ilves Jr.,Finland Jr.,1992-08-06,Tampere,NA,FIN,2,1,2010,TRUE,Sami Aittokallio
G,L,74,175,USA U-18,USHL,1992-01-09,Port Huron,MI,USA,2,2,2010,FALSE,Jack Campbell
G,L,73,189,Almtuna,SWEDEN-2,1991-07-23,Uppsala,NA,SWE,NA,2,2010,TRUE,Fredrik Pettersson Wentzel
G,L,74,190,Everett,WHL,1992-03-26,Edmonton,AB,CAN,7,3,2010,FALSE,Kent Simpson
G,L,74,201,Niagara,OHL,1992-08-07,Hamilton,ON,CAN,8,4,2010,FALSE,Mark Visentin
G,L,74,202,Farjestad Jr.,SWEDEN-JR. 2,1992-02-28,Koping,NA,SWE,4,5,2010,TRUE,Johan Gustafsson
G,R,75,191,Quebec,QMJHL,1992-03-06,St-Hyacinte,QC,CAN,4,5,2010,FALSE,Louis Domingue
G,L,74,190,Thief River Falls,HIGH-MN,1992-08-20,Grand Forks,ND,USA,5,6,2010,FALSE,Zane McIntyre (Gothberg)
G,L,73,176,Blues Jr.,Finland Jr.,1992-04-27,Vaasa,NA,FIN,NA,6,2010,TRUE,Jonathan Iilahti
G,L,73,198,GRAZ,AUSTRIA,1992-03-31,Eksjo,NA,SWE,1,7,2010,TRUE,Jonas Gunnarsson
G,L,77,201,Halifax,QMJHL,1991-09-27,Montreal,QC,CAN,3,7,2010,FALSE,Mathieu Corbeil-Theriault
G,R,72,179,NA,NA,1990-06-03,Plzen,NA,CZE,6,8,2010,TRUE,Pavel Francouz
G,L,75,215,Canmore,AJHL,1992-05-10,Calgary,AB,CAN,6,8,2010,FALSE,Sam Brittain
G,R,70,165,NA,NA,1992-01-19,Russikon,NA,CHE,NA,9,2010,TRUE,Lukas Meili
G,L,73,200,Medicine Hat,WHL,1992-02-11,Regina,SK,CAN,14,10,2010,FALSE,Tyler Bunz
G,L,69,172,OLOMOUC,CZECHIA,1990-04-05,Zlin,NA,CZE,NA,10,2010,TRUE,Jakub Sedlacek
G,L,73,160,Kimball Union Academy,HIGH-NH,1991-12-30,Saint-Jerome,QC,CAN,17,13,2010,FALSE,Martin Ouellette
G,L,73,185,Windsor,OHL,1991-11-25,Rosenheim,NA,DEU,9,15,2010,FALSE,Philipp Grubauer
G,L,74,190,Portland,WHL,1992-03-25,Salt Lake City,UT,USA,NA,16,2010,FALSE,Macmillian Carruth
G,L,73,195,NA,NA,1991-08-24,Tampa,FL,USA,19,17,2010,FALSE,Clay Witt
G,L,72,190,Gatineau,QMJHL,1991-12-31,Montreal,QC,CAN,10,18,2010,FALSE,Maxime Clermont
G,L,74,185,Plymouth,OHL,1992-08-14,Etobicoke,ON,CAN,13,19,2010,FALSE,Scott Wedgewood
G,L,75,200,NA,NA,1992-04-30,Jackson,MI,USA,12,20,2010,FALSE,Will Yanakeff
G,L,72,179,NA,NA,1991-02-12,Edmonton,BC,CAN,21,21,2010,FALSE,Sean Bonar
G,L,76,167,NA,NA,1992-08-21,Victoria,BC,CAN,NA,22,2010,FALSE,Brandon Glover
G,L,72,181,NA,NA,1991-06-24,Bloomingdale,IL,USA,26,24,2010,FALSE,Jeff Teglia
G,L,72,184,Ottawa,OHL,1992-02-14,Ostrava,NA,CZE,26,25,2010,FALSE,Petr Mrazek
G,L,72,188,NA,NA,1990-09-06,Pittsburgh,PA,USA,NA,26,2010,FALSE,Parker Milner
G,R,71,184,NA,NA,1992-04-27,Toronto,ON,CAN,20,27,2010,FALSE,JP Anderson
G,L,74,200,NA,NA,1991-11-21,Chicoutimi,QC,CAN,27,29,2010,FALSE,Philippe Tremblay
G,L,75,187,NA,NA,1992-07-20,NA,NA,SVK,7,NA,2010,TRUE,Filip Orcik
G,L,73,180,NA,NA,1991-10-16,St. Jean Chrysostome,QC,CAN,22,NA,2010,FALSE,Guillaume Nadeau
G,L,72,195,NA,NA,1992-07-06,Laval,QC,CAN,24,NA,2010,FALSE,Simon Giroux
G,L,73,187,NA,NA,1992-03-19,Charleston,SC,USA,25,NA,2010,FALSE,Brian Billett
G,L,72,182,NA,NA,1992-01-12,Indianapolis,IN,USA,31,NA,2010,FALSE,Jacob Meyers
G,L,71,170,NA,NA,1992-07-13,Langley,BC,CAN,32,NA,2010,FALSE,Brandon Anderson
G,L,75,226,USA U-18,USHL,1993-07-14,Pittsburgh,PA,USA,1,1,2011,FALSE,John Gibson
G,L,77,205,JYP Jr.,Finland Jr.,1993-03-07,Jamsankoski,NA,FIN,1,1,2011,TRUE,Samu Perhonen
G,L,74,192,Chicoutimi,QMJHL,1992-12-27,Karkkila,NA,FIN,2,2,2011,FALSE,Christopher Gibson
G,L,77,187,Almtuna,SWEDEN-2,1991-04-04,"Uppsala, Sweden",NA,SWE,NA,2,2011,TRUE,Magnus Hellberg
G,L,74,187,ZLIN,CZECHIA-2,1993-09-12,Dvur Kraloven Labem,NA,CZE,3,3,2011,TRUE,Jaroslav Pavelka
G,L,74,169,Owen Sound,OHL,1993-07-11,Richmond Hill,ON,CAN,7,3,2011,FALSE,Jordan Binnington
G,R,70,207,AJOIE,SWISS,1991-09-13,Porrentruy,NA,CHE,4,4,2011,TRUE,Benjamin Conz
G,L,74,201,NA,NA,1993-02-16,St. Paul,MN,USA,5,4,2011,FALSE,Matthew McNeely
G,L,74,196,Loomis-Chaffee,HIGH-CT,1993-08-06,Hartford,CT,USA,6,5,2011,FALSE,Stephen Michalek
G,L,75,209,Blues Jr.,Finland Jr.,1992-07-26,Oslo,NA,NOR,7,5,2011,TRUE,Lars Volden
G,L,73,185,NA,NA,1992-11-07,London,ON,CAN,20,6,2011,FALSE,Mike Morrison
G,L,74,191,Jokerit Jr.,Finland Jr.,1991-08-19,Helsinki,NA,FIN,NA,6,2011,TRUE,Frans Tuohimaa
G,L,75,200,Edmonton,WHL,1993-03-23,Port Alberni,BC,CAN,13,7,2011,FALSE,Laurent Brossoit
G,L,76,200,Sodertalje Jr.,SWEDEN-JR.,1992-04-25,Stockholm,NA,SWE,NA,7,2011,TRUE,Johan Mattsson
G,L,74,194,AIK Jr.,SWEDEN-JR.,1993-01-10,Varmdo,NA,SWE,6,8,2011,TRUE,Niklas Lundstrom
G,L,74,186,Plymouth,OHL,1993-01-22,Toledo,OH,USA,25,8,2011,FALSE,Matt Mahalak
G,L,74,183,NA,NA,1993-01-06,Sunne,NA,SWE,2,9,2011,TRUE,Stefan Steen
G,L,72,195,NA,NA,1993-04-06,London,ON,CAN,4,9,2011,FALSE,Liam Liston
G,L,76,190,Portage,MJHL,1992-05-18,Winnipeg,MB,CAN,21,10,2011,FALSE,Jason Kasdorf
G,R,75,190,Plzen,Czech Republic,1991-07-18,Ceske Budejovice,NA,CZE,NA,10,2011,TRUE,Marek Mazanec
G,L,74,200,OLOMOUC,CZECHIA,1993-07-25,Opava,NA,CZE,3,11,2011,FALSE,Matej Machovsky
G,L,74,184,NA,NA,1993-06-07,McLean,VA,USA,14,12,2011,FALSE,Jay Williams
G,L,75,213,Victoriaville,QMJHL,1993-08-09,Tabor,NA,CZE,8,13,2011,FALSE,David Honzik
G,L,73,189,NA,NA,1991-02-22,Stratford,ON,CAN,26,14,2011,FALSE,Jordan Ruby
G,L,77,196,FREDERIKSHAVN,DENMARK,1992-12-29,Brno,NA,CZE,10,15,2011,FALSE,Tadeas Galansky
G,L,72,173,NA,NA,1993-04-29,Surrey,BC,CAN,11,16,2011,FALSE,Eric Williams
G,L,74,209,Guelph,OHL,1993-06-28,Elmhurst,IL,USA,NA,17,2011,FALSE,Garret Sparks
G,L,73,184,NA,NA,1993-05-01,Philadelphia,PA,USA,12,18,2011,FALSE,Peter Traber
G,L,73,190,ROCHESTER,AHL,1992-09-13,Youngstown,OH,USA,23,19,2011,FALSE,Michael Houser
G,L,75,226,NA,NA,1993-07-18,Winnipeg,MB,CAN,NA,20,2011,FALSE,Corbin Boes
G,L,74,175,FARJESTAD,SWEDEN,1993-01-12,Longueuil,QC,CAN,9,21,2011,FALSE,Maxime Lagace
G,L,73,172,NA,NA,1992-12-03,Homberg,NA,DEU,17,22,2011,FALSE,Jan Obernesser
G,L,72,201,DETROIT,NHL,1992-12-09,Baudette,MN,USA,19,23,2011,FALSE,Alex Lyon
G,L,74,210,NA,NA,1993-07-28,Newburyport,MA,USA,34,24,2011,FALSE,Christopher Eiserman
G,L,77,200,NA,NA,1992-02-14,Sault Ste. Marie,ON,CAN,24,25,2011,FALSE,Matthew O'Connor
G,L,72,160,NA,NA,1993-05-19,Belleville,ON,CAN,28,26,2011,FALSE,Tyson Teichmann
G,L,74,194,Minnesota State,WCHA,1993-04-28,Fairbanks,AK,USA,31,27,2011,FALSE,Stephon Williams
G,L,73,178,Green Bay,USHL,1992-11-26,South St. Paul,MN,USA,16,28,2011,FALSE,Adam Wilcox
G,L,72,164,NA,NA,1993-05-28,North York,ON,CAN,15,29,2011,FALSE,Frank Palazzese
G,L,73,191,NA,NA,1992-10-05,London,ON,CAN,22,30,2011,FALSE,Jackson Teichroeb
G,L,70,181,LULEA,SWEDEN,1993-01-08,Lulea,NA,SWE,5,NA,2011,TRUE,Joel Lassinantti
G,L,75,185,NA,NA,1993-07-16,Porvoo,NA,FIN,8,NA,2011,TRUE,Richard Ullberg
G,L,72,176,NA,NA,1993-07-07,Barrie,ON,CAN,18,NA,2011,FALSE,John Chartrand
G,L,72,186,NA,NA,1993-03-01,Montreal,QC,CAN,27,NA,2011,FALSE,Patrick Spano
G,L,78,220,NA,NA,1991-11-05,Perth,ON,CAN,29,NA,2011,FALSE,Jared Coreau
G,L,72,160,NA,NA,1993-06-30,Niskayuna,NY,USA,30,NA,2011,FALSE,Colin Stevens
G,L,71,177,NA,NA,1993-01-19,Moncton,NB,CAN,32,NA,2011,FALSE,Robert Steeves
G,L,73,171,NA,NA,1993-03-05,Lake Arrowhead,CA,USA,33,NA,2011,FALSE,John Keeney
G,L,76,201,Ufa 2,RUSSIA,1994-07-25,Tyumen,NA,RUS,1,1,2012,TRUE,Andrey Vasilevsky
G,L,74,201,Belleville,OHL,1993-12-21,Toronto,ON,CAN,1,1,2012,FALSE,Malcolm Subban
G,L,75,201,Brynas Jr.,SWEDEN-JR.,1994-02-28,Stockholm,NA,SWE,2,2,2012,TRUE,Oscar Dansk
G,L,77,204,Victoriaville,QMJHL,1994-05-11,Centreville,NS,CAN,3,2,2012,FALSE,Brandon Whitney
G,L,75,181,Jokerit Jr.,Finland Jr.,1994-04-28,Pori,NA,FIN,3,3,2012,TRUE,Joonas Korpisalo
G,L,73,186,Saginaw,OHL,1994-05-03,Mississauga,ON,CAN,5,3,2012,FALSE,Jake Paterson
G,L,74,194,NA,NA,1994-03-20,Krunupyy,NA,FIN,5,4,2012,TRUE,Jean Auren
G,L,78,220,Corpus Christi,NAHL,1994-01-20,Edison,NJ,USA,20,4,2012,FALSE,Anthony Stolarz
G,L,74,194,Pardubice Jr.,CZREP-JR.,1994-07-22,Pisek,NA,CZE,4,5,2012,TRUE,Marek Langhamer
G,L,74,185,Val d'Or,QMJHL,1994-08-29,Baie-Comeau,QC,CAN,6,5,2012,FALSE,Francois Tremblay
G,L,77,216,Indiana,USHL,1994-01-22,Concord,NH,USA,4,6,2012,FALSE,Jon Gillies
G,L,70,183,NA,NA,1994-07-19,Gothenburg,NA,SWE,6,6,2012,TRUE,Mathias Israelsson
G,L,72,185,NA,NA,1993-04-20,Kazan,NA,RUS,8,7,2012,FALSE,Andrey Makarov
G,L,75,194,Modo Jr.,SWEDEN-JR.,1993-07-31,"Lugnvik, Sweden",NA,SWE,NA,7,2012,TRUE,Linus Ullmark
G,L,73,205,Red Deer,WHL,1993-03-29,Novy Jicin,NA,CZE,10,8,2012,FALSE,Patrik Bartosak
G,L,71,200,NA,NA,1994-06-14,NA,NA,RUS,NA,8,2012,TRUE,Igor Ustinsky
G,L,73,187,MINSK,RUSSIA,1994-03-16,Chelyabinsk,NA,RUS,9,9,2012,TRUE,Vasily Demchenko
G,L,72,164,NA,NA,1993-05-28,North York,ON,CAN,11,9,2012,FALSE,Frank Palazzese
G,L,75,185,NA,NA,1993-07-16,Porvoo,NA,FIN,7,10,2012,TRUE,Richard Ullberg
G,L,75,194,Sherwood Park,AJHL,1994-06-19,Edmonton,AB,CAN,15,10,2012,FALSE,Matt Tomkins
G,L,72,160,NA,NA,1993-09-29,Terrebonne,QC,CAN,13,11,2012,FALSE,Etienne Marcoux
G,L,74,191,NURNBERG,GERMANY,1991-04-29,Nurnberg,NA,DEU,NA,11,2012,TRUE,Niklas Treutle
G,L,76,205,Oshawa,OHL,1994-07-24,Ottawa,ON,CAN,7,12,2012,FALSE,Daniel Altshuller
G,L,75,199,Calgary,WHL,1994-05-18,Winnipeg,MB,CAN,12,13,2012,FALSE,Chris Driedger
G,L,74,200,OLOMOUC,CZECHIA,1993-07-25,Opava,NA,CZE,23,14,2012,FALSE,Matej Machovsky
G,L,74,165,Quebec,QMJHL,1994-01-31,Gatineau,QC,CAN,16,15,2012,FALSE,Francois Brassard
G,L,73,190,ROCHESTER,AHL,1992-09-13,Youngstown,OH,USA,19,16,2012,FALSE,Michael Houser
G,L,76,222,NA,NA,1993-11-02,Hamilton,ON,CAN,21,17,2012,FALSE,Clint Windsor
G,L,76,174,Sault Ste. Marie,OHL,1994-05-25,Thunder Bay,ON,CAN,2,18,2012,FALSE,Matthew Murray
G,L,74,186,Kootenay,WHL,1994-06-15,Abbotsford,BC,CAN,14,19,2012,FALSE,Mackenzie Skapski
G,L,74,175,FARJESTAD,SWEDEN,1993-01-12,Longueuil,QC,CAN,17,20,2012,FALSE,Maxime Lagace
G,L,75,213,USA U-18,USHL,1994-04-04,Burnsville,MN,USA,9,21,2012,FALSE,Collin Olson
G,L,73,194,PARDUBICE,CZECHIA,1992-05-22,Plzen,NA,CZE,30,22,2012,FALSE,Roman Will
G,L,72,201,DETROIT,NHL,1992-12-09,Baudette,MN,USA,18,23,2012,FALSE,Alex Lyon
G,L,71,176,MUNCHEN,GERMANY,1992-11-26,Dusseldorf,NA,DEU,NA,24,2012,FALSE,Mathias Niederberger
G,L,70,178,NA,NA,1993-05-16,Warwick,NY,USA,28,25,2012,FALSE,Matthew Morris
G,L,73,170,Toronto JC,OJHL,1993-03-24,Chateauguay,QC,CAN,NA,26,2012,FALSE,Jamie Phillips
G,L,74,187,ZLIN,CZECHIA-2,1993-09-12,Dvur Kraloven Labem,NA,CZE,27,27,2012,FALSE,Jaroslav Pavelka
G,L,73,203,Powell River,BCHL,1993-02-02,Edmonton,AB,CAN,NA,28,2012,FALSE,Sean Maguire
G,L,73,185,NA,NA,1993-01-05,Ft. Nelson,BC,CAN,26,29,2012,FALSE,Cole Holowenko
G,R,73,181,WASHINGTON,NHL,1993-12-18,Lakeville,MN,USA,NA,30,2012,FALSE,Charlie Lindgren
G,L,74,170,NA,NA,1994-04-16,Stoughton,MA,USA,24,31,2012,FALSE,Joseph Young
G,L,73,173,NA,NA,1993-11-01,Toronto,ON,CAN,NA,32,2012,FALSE,Edward (Michael) Nishi
G,L,72,194,NA,NA,1994-02-28,Toronto,ON,CAN,32,33,2012,FALSE,Dawson Sprigings
G,L,74,194,Minnesota State,WCHA,1993-04-28,Fairbanks,AK,USA,22,34,2012,FALSE,Stephon Williams
G,L,78,209,NA,NA,1993-09-28,Montreal,QC,CAN,34,35,2012,FALSE,Philippe Trudeau
G,L,71,176,NA,NA,1994-01-31,Rimavska Sobota,NA,SVK,8,NA,2012,TRUE,Richard Sabol
G,L,70,183,NA,NA,1994-02-16,Cologne,NA,DEU,10,NA,2012,TRUE,Marvin Cupper
G,L,72,190,NA,NA,1994-06-22,Hammonds Plains,NS,CAN,25,NA,2012,FALSE,Jacob Brennan
G,L,71,178,NA,NA,1993-03-26,Toronto,ON,CAN,29,NA,2012,FALSE,Andrew D'Agostini
G,L,72,184,NA,NA,1992-03-03,North York,ON,CAN,31,NA,2012,FALSE,Keegan Wilson
G,L,73,185,NA,NA,1992-11-07,London,ON,CAN,33,NA,2012,FALSE,Mike Morrison
G,L,74,201,NA,NA,1993-02-16,St. Paul,MN,USA,35,NA,2012,FALSE,Matthew McNeely
G,L,71,171,NA,NA,1994-04-18,Chicago,IL,USA,36,NA,2012,FALSE,Jared Rutledge
G,L,71,178,HPK Jr.,Finland Jr.,1995-04-19,Forssa,NA,FIN,1,1,2013,TRUE,Juuse Saros
G,L,74,187,Halifax,QMJHL,1995-05-28,Laval,QC,CAN,1,1,2013,FALSE,Zachary Fucale
G,L,71,185,NA,NA,1995-03-07,Faringso,NA,SWE,2,2,2013,TRUE,Ebbe Sionas
G,L,73,167,Tri-City,WHL,1995-07-06,Edmonton,AB,CAN,2,2,2013,FALSE,Eric Comrie
G,L,73,185,Edmonton,WHL,1995-04-29,Surrey,BC,CAN,3,3,2013,FALSE,Tristan Jarry
G,L,71,187,NA,NA,1993-10-31,Jesenice,NA,SVN,5,3,2013,TRUE,Luka Gracnar
G,L,77,218,Linkoping Jr.,SWEDEN-JR.,1994-11-25,Orebro,NA,SWE,3,4,2013,TRUE,Marcus Hogberg
G,R,74,172,Waterloo,USHL,1994-10-19,Waterloo,IA,USA,4,4,2013,FALSE,Calvin Petersen
G,L,74,172,NIZHNY NOVGOROD,RUSSIA,1995-05-18,Moscow,NA,RUS,4,5,2013,TRUE,Ivan Bocharov
G,L,75,206,Mississauga,OHL,1995-06-08,Oakville,ON,CAN,5,5,2013,FALSE,Spencer Martin
G,L,75,205,HIFK,FINLAND,1995-02-06,Helsinki,NA,FIN,6,6,2013,TRUE,Ville Husso
G,L,74,188,Waterloo,USHL,1994-09-24,Doylestown,PA,USA,7,6,2013,FALSE,Eamon McAdam
G,L,73,190,Rimouski,QMJHL,1995-08-16,Saint-Hyacinthe,QC,CAN,6,7,2013,FALSE,Philippe Desrosiers
G,L,70,185,RAPPERSWIL,SWISS,1994-12-16,Volketswil,NA,CHE,7,7,2013,TRUE,Melvin Nyffeler
G,L,70,170,NA,NA,1995-02-23,Ostrava,NA,CZE,8,8,2013,TRUE,Rene Svoboda
G,L,73,205,Red Deer,WHL,1993-03-29,Novy Jicin,NA,CZE,10,8,2013,FALSE,Patrik Bartosak
G,L,77,220,NA,NA,1995-05-05,Moscow,NA,RUS,9,9,2013,TRUE,Andrei Filonenko
G,L,75,216,PEI,QMJHL,1994-05-01,Victoriaville,QC,CAN,NA,9,2013,FALSE,Antoine Bibeau
G,L,74,203,NA,NA,1995-03-07,NA,NA,SVK,10,10,2013,TRUE,Maros Mikolas
G,L,72,188,NA,NA,1995-05-27,Winnipeg,MB,CAN,11,10,2013,FALSE,Austin Lotz
G,R,72,166,NA,NA,1995-05-08,Brampton,ON,CAN,8,11,2013,FALSE,Michael Giugovaz
G,L,76,200,Wichita Falls,NAHL,1995-07-31,Cranbrook,BC,CAN,9,12,2013,FALSE,Evan Cowley
G,L,76,185,Portland,WHL,1995-03-11,Scottsdale,AZ,USA,13,13,2013,FALSE,Brendan Burke
G,L,73,192,Rouyn-Noranda,QMJHL,1995-08-19,Sherbrooke,QC,CAN,25,14,2013,FALSE,Alexandre Belanger
G,L,77,180,NA,NA,1994-07-12,Framingham,MA,USA,35,15,2013,FALSE,Shane Starrett
G,L,73,187,NA,NA,1995-04-21,Montreal,QC,CAN,12,16,2013,FALSE,Louis-Philip Guindon
G,L,74,186,Kootenay,WHL,1994-06-15,Abbotsford,BC,CAN,18,17,2013,FALSE,Mackenzie Skapski
G,L,76,202,NA,NA,1995-08-08,Scarborough,ON,CAN,15,18,2013,FALSE,Jordan Dekort
G,R,73,181,WASHINGTON,NHL,1993-12-18,Lakeville,MN,USA,23,19,2013,FALSE,Charlie Lindgren
G,L,72,185,NA,NA,1994-06-18,Sault Ste. Marie,ON,CAN,16,20,2013,FALSE,Jake Patterson
G,L,72,202,NA,NA,1995-05-07,St-Odilon,QC,CAN,NA,21,2013,FALSE,Steven Veilleux
G,L,74,216,NA,NA,1995-05-05,Montreal,QC,CAN,19,22,2013,FALSE,Eric Brassard
G,L,72,185,REGENSBURG,GERMANY-2,1993-02-01,Jyvaskyla,NA,FIN,20,23,2013,FALSE,Eetu Laurikainen
G,L,73,165,NA,NA,1994-11-07,Raleigh,NC,USA,30,24,2013,FALSE,Sean Romeo
G,L,75,199,NA,NA,1995-02-13,Saskatoon,SK,CAN,28,25,2013,FALSE,Mack Shields
G,L,76,184,Proctor Academy,HIGH-NH,1995-08-22,Preston,ID,USA,34,26,2013,FALSE,Merrick Madsen
G,L,73,190,NA,NA,1995-06-09,Thunder Bay,ON,CAN,26,27,2013,FALSE,Jackson Whistle
G,L,77,221,NA,NA,1993-08-14,Victoria,BC,CAN,33,28,2013,FALSE,Chad Katunar
G,L,72,193,NA,NA,1995-03-30,Bonnyville,AB,CAN,17,29,2013,FALSE,Brett Zarowny
G,L,72,164,NA,NA,1994-08-29,Nipawin,SK,CAN,NA,30,2013,FALSE,Taran Kozun
G,L,72,164,NA,NA,1993-05-28,North York,ON,CAN,14,31,2013,FALSE,Frank Palazzese
G,L,71,179,NA,NA,1995-06-30,Toronto,ON,CAN,21,32,2013,FALSE,Charlie Graham
G,L,74,183,NA,NA,1995-03-16,Ottawa,ON,CAN,24,33,2013,FALSE,Jacob Blair
G,L,78,209,NA,NA,1993-09-28,Montreal,QC,CAN,NA,34,2013,FALSE,Philippe Trudeau
G,L,78,200,NA,NA,1994-07-08,Sherwood Park,AB,CAN,NA,35,2013,FALSE,Troy Trombley
G,L,72,196,NA,NA,1994-03-18,Ann Arbor,MI,USA,22,NA,2013,FALSE,Brandon Hope
G,L,72,160,NA,NA,1993-09-29,Terrebonne,QC,CAN,27,NA,2013,FALSE,Etienne Marcoux
G,L,72,181,NA,NA,1995-01-02,Toronto,ON,CAN,29,NA,2013,FALSE,Alex Fotinos
G,L,73,186,NA,NA,1995-01-31,Edmonton,AB,CAN,31,NA,2013,FALSE,Wyatt Hoflin
G,L,77,217,NA,NA,1993-03-23,Oakville,ON,CAN,32,NA,2013,FALSE,Adam Clark
G,L,76,199,Boston College,H-EAST,1995-12-08,San Diego,CA,USA,1,1,2014,FALSE,Thatcher Demko
G,L,75,205,HIFK,FINLAND,1995-02-06,Helsinki,NA,FIN,1,1,2014,TRUE,Ville Husso
G,L,76,198,Brynas Jr.,SWEDEN-JR.,1995-09-19,Gavle,NA,SWE,3,2,2014,TRUE,Jonas Johansson
G,R,76,204,Charlottetown,QMJHL,1996-04-23,Halifax,NS,CAN,7,2,2014,FALSE,Mason McDonald
G,L,76,201,Niagara,OHL,1996-07-05,Ottawa,ON,CAN,6,3,2014,FALSE,Brent Moran
G,L,76,198,Djurgarden Jr.,SWEDEN-JR.,1996-08-23,Stockholm,NA,SWE,6,3,2014,TRUE,Linus Soderstrom
G,L,74,216,Blues Jr.,Finland Jr.,1996-08-16,Helsinki,NA,FIN,2,4,2014,TRUE,Kaapo Kahkonen
G,L,72,192,Plymouth,OHL,1996-01-07,Parma,OH,USA,5,4,2014,FALSE,Alex Nedeljkovic
G,L,74,176,Novokuznetsk,RUSSIA,1995-08-04,Mezhdurechensk,NA,RUS,4,5,2014,TRUE,Ilya Sorokin
G,L,73,209,NA,NA,1995-10-26,Iserlohn,NA,DEU,NA,5,2014,FALSE,Kevin Reich
G,L,76,203,Sault Ste. Marie,OHL,1996-03-29,Traverse City,MI,USA,9,6,2014,FALSE,Brandon Halverson
G,L,75,192,Lugano,SWISS,1994-04-13,Riga,NA,LVA,11,6,2014,TRUE,Elvis Merzlikins
G,L,76,191,NA,NA,1996-03-29,Columbus,GA,USA,2,7,2014,FALSE,Edwin Minney
G,L,73,187,Spartak 2,RUSSIA-JR.,1995-12-30,Moscow,NA,RUS,9,7,2014,TRUE,Igor Shesterkin
G,L,75,194,Wenatchee,NAHL,1996-02-08,Grand Forks,ND,USA,4,8,2014,FALSE,Thomas (Chase) Perry
G,L,73,180,Liberec Jr.,CZREP-JR.,1996-01-09,Havlickuv Brod,NA,CZE,7,8,2014,TRUE,Vitek Vanecek
G,L,73,207,Slovakia U18,SLOVAKIA-2,1996-01-04,Poprad,NA,SVK,5,9,2014,TRUE,Maximilian Pajpach
G,L,74,201,NA,NA,1993-10-02,Vantaa,NA,FIN,16,9,2014,FALSE,Kasimir Kaskisuo
G,L,70,185,RAPPERSWIL,SWISS,1994-12-16,Volketswil,NA,CHE,8,10,2014,TRUE,Melvin Nyffeler
G,L,74,204,Val d'Or,QMJHL,1996-04-19,Alma,QC,CAN,10,10,2014,FALSE,Keven Bouchard
G,L,75,200,NA,NA,1996-02-05,Los Angeles,CA,USA,3,11,2014,FALSE,Blake Weyrick
G,R,77,218,Davos,SWISS,1996-03-01,Buelach,NA,CHE,12,11,2014,TRUE,Gilles Senn
G,L,73,180,NA,NA,1996-08-27,Linkoping,NA,SWE,13,12,2014,TRUE,Mikael Saari
G,L,74,190,NA,NA,1996-04-29,Windsor,ON,CAN,18,12,2014,FALSE,Matthew Mancina
G,L,70,185,AALBORG,DENMARK,1995-05-15,Herning,NA,DNK,14,13,2014,TRUE,George Sorensen
G,L,77,187,Victoria,BCHL,1996-05-05,Nanaimo,BC,CAN,26,13,2014,FALSE,Alec Dillon
G,R,75,205,Pardubice Jr.,CZREP-JR.,1996-05-25,Trebic,NA,CZE,15,14,2014,TRUE,Karel Vejmelka
G,L,74,197,Cushing Academy,HIGH-MA,1996-08-19,Boston,MA,USA,NA,14,2014,FALSE,Joel Daccord
G,L,72,176,INGOLSTADT,GERMANY,1995-10-30,Saginaw,MI,USA,14,15,2014,FALSE,Devin Williams
G,L,73,196,NA,NA,1996-08-17,Raleigh,NC,USA,NA,16,2014,FALSE,Logan Halladay
G,L,73,200,NA,NA,1995-10-07,Thompson,MB,CAN,13,17,2014,FALSE,Justin Paulic
G,L,74,186,NA,NA,1996-08-20,Whitehorse,YT,CAN,8,18,2014,FALSE,Ty Edmonds
G,L,72,205,NA,NA,1995-10-03,Maple Ridge,BC,CAN,NA,19,2014,FALSE,Jeffrey Smith
G,L,74,190,U. of Michigan,BIG10,1994-01-30,Ridgewood,NJ,USA,21,20,2014,FALSE,Zachary Nagelvoort
G,L,71,164,NA,NA,1996-03-11,Montreal,QC,CAN,12,21,2014,FALSE,Julio Billia
G,L,72,188,NA,NA,1995-05-27,Winnipeg,MB,CAN,11,22,2014,FALSE,Austin Lotz
G,L,73,187,NA,NA,1995-04-21,Montreal,QC,CAN,20,23,2014,FALSE,Louis-Philip Guindon
G,L,73,170,NA,NA,1996-04-10,Edmonton,AB,CAN,NA,24,2014,FALSE,Jordan Papirny
G,L,79,233,NA,NA,1995-12-20,Halifax,NS,CAN,NA,25,2014,FALSE,Jack Flinn
G,L,75,200,NA,NA,1996-04-07,Brampton,ON,CAN,15,26,2014,FALSE,Hayden Lavigne
G,L,76,209,CHARLOTTE,AHL,1995-04-10,North Bay,ON,CAN,33,27,2014,FALSE,Ken Appleby
G,L,72,180,NA,NA,1995-03-16,Winnipeg,MB,CAN,24,28,2014,FALSE,Alexander Moodie
G,L,76,214,NA,NA,1995-08-24,Edmonton,AB,CAN,29,29,2014,FALSE,Landon Bow
G,L,72,187,NA,NA,1996-02-09,Anchorage,AK,USA,30,30,2014,FALSE,Eric Schierhorn
G,R,72,187,NA,NA,1996-08-14,Kiruna,NA,SWE,10,NA,2014,TRUE,Jesper Eriksson
G,L,72,178,OMSK,RUSSIA,1995-11-01,Moscow,NA,RUS,17,NA,2014,FALSE,Nikita Serebryakov
G,L,74,178,NA,NA,1995-10-28,Falmouth,MA,USA,19,NA,2014,FALSE,Sean Cleary
G,L,73,216,NA,NA,1995-11-10,Gatineau,QC,CAN,22,NA,2014,FALSE,Storm Phaneuf
G,L,74,216,NA,NA,1995-05-05,Montreal,QC,CAN,23,NA,2014,FALSE,Eric Brassard
G,L,76,248,NA,NA,1995-03-24,Weymouth,MA,USA,25,NA,2014,FALSE,Robert McGovern
G,L,72,181,NA,NA,1996-02-01,Longueuil,QC,CAN,27,NA,2014,FALSE,Alex Bureau
G,L,73,212,NA,NA,1996-06-01,Sault Ste. Marie,ON,CAN,28,NA,2014,FALSE,Cameron Hackett
G,L,72,200,NA,NA,1996-07-22,St. Louis,MO,USA,31,NA,2014,FALSE,Drew Vogler
G,L,73,174,BRIDGEPORT,AHL,1995-07-07,St. Paul,MN,USA,32,NA,2014,FALSE,Hunter Miska
G,L,72,198,NA,NA,1995-12-04,Omaha,NE,USA,34,NA,2014,FALSE,Jason Pawloski
G,R,75,198,NA,NA,1995-10-12,Woodbridge,ON,CAN,NA,NA,2014,FALSE,Christian Short
G,L,76,203,Magnitogorsk 2,RUSSIA-JR.,1997-02-22,Magnitogorsk,NA,RUS,1,1,2015,TRUE,Ilya Samsonov
G,L,76,224,Barrie,OHL,1996-12-09,Thunder Bay,ON,CAN,1,1,2015,FALSE,Mackenzie Blackwood
G,L,76,190,Quebec,QMJHL,1997-05-21,Montreal,QC,CAN,2,2,2015,FALSE,Callum Booth
G,L,77,187,Kladno,CZREP-2,1997-08-20,Prague,NA,CZE,2,2,2015,TRUE,Daniel Vladar
G,L,74,191,Brynas Jr.,SWEDEN-JR.,1997-01-12,Gavle,NA,SWE,3,3,2015,TRUE,Felix Sandstrom
G,L,75,191,Blainville-Boisbriand,QMJHL,1996-10-30,Quebec,QC,CAN,3,3,2015,FALSE,Samuel Montembeault
G,L,76,202,Portland,WHL,1996-05-11,Comox,BC,CAN,9,4,2015,FALSE,Adin Hill
G,L,76,192,Liberec Jr.,CZREP-JR.,1997-01-06,Liberec,NA,CZE,9,4,2015,TRUE,Ales Stezka
G,L,75,185,Topeka,NAHL,1997-05-24,Bratislava,NA,SVK,4,5,2015,FALSE,Matej Tomek
G,L,75,201,Linkoping U18,SWEDEN-JR. U18,1997-06-05,Zug,NA,CHE,11,5,2015,TRUE,Joren Van Pottelberghe
G,R,73,183,Karpat,FINLAND,1997-02-13,Jyvaskyla,NA,FIN,7,6,2015,TRUE,Veini Vehvilainen
G,L,73,199,NA,NA,1997-06-09,Clarkson,MI,USA,20,6,2015,FALSE,Ryan Larkin
G,L,71,180,BRATISLAVA,SLOVAKIA,1995-04-04,Kezmarok,NA,SVK,4,7,2015,TRUE,Denis Godla
G,L,75,189,NA,NA,1997-01-11,Maple Ridge,BC,CAN,13,7,2015,FALSE,Nick McBride
G,L,77,198,Farjestad Jr.,SWEDEN-JR.,1997-05-02,Mariestad,NA,SWE,6,8,2015,TRUE,Adam Werner
G,L,75,196,Lawrence Academy,HIGH-MA,1997-03-27,Bedford,NH,USA,16,8,2015,FALSE,Mike Robinson
G,R,74,178,NA,NA,1997-07-31,Drayton Valley,AB,CAN,8,9,2015,FALSE,Nick Schneider
G,L,70,185,AALBORG,DENMARK,1995-05-15,Herning,NA,DNK,10,9,2015,TRUE,George Sorensen
G,L,74,197,Cushing Academy,HIGH-MA,1996-08-19,Boston,MA,USA,29,10,2015,FALSE,Joel Daccord
G,L,73,181,SAN JOSE,NHL,1996-02-10,Moscow,NA,RUS,NA,10,2015,TRUE,Alexander Georgiyev
G,R,76,197,NA,NA,1996-09-14,Toronto,ON,CAN,14,11,2015,FALSE,Liam Herbst
G,L,74,190,USA U-18,USHL,1997-02-27,Effingham,IL,USA,5,12,2015,FALSE,Luke Opilka
G,L,74,214,NA,NA,1997-05-06,Washington,DC,USA,7,13,2015,FALSE,Michael Lackey
G,L,74,199,NA,NA,1996-05-31,Saskatoon,SK,CAN,12,14,2015,FALSE,Rylan Toth
G,L,73,190,NA,NA,1996-05-22,Larkspur,CO,USA,NA,15,2015,FALSE,Cale Morris
G,L,76,202,Green Bay,USHL,1997-05-12,Zvolen,NA,SVK,5,16,2015,FALSE,Adam Huska
G,L,70,186,NA,NA,1996-11-16,Saskatoon,SK,CAN,31,17,2015,FALSE,Rylan Parenteau
G,L,71,181,NA,NA,1996-11-24,Glen Rock,NJ,USA,11,18,2015,FALSE,Christopher Birdsall
G,L,74,202,Kamloops,WHL,1997-03-31,Imperial,SK,CAN,33,19,2015,FALSE,Connor Ingram
G,L,76,193,NA,NA,1997-02-20,Kanata,ON,CAN,10,20,2015,FALSE,Connor Hicks
G,L,73,211,NA,NA,1997-07-09,Winnipeg,MB,CAN,6,21,2015,FALSE,Michael McNiven
G,L,76,192,Johnstown,NAHL,1997-03-31,Macomb,MI,USA,15,22,2015,FALSE,Ryan Bednard
G,L,78,176,Austin,NAHL,1997-02-27,Parker,CO,USA,18,23,2015,FALSE,Evan Smith
G,L,76,205,NA,NA,1996-06-20,Highlands Ranch,CO,USA,NA,24,2015,FALSE,Austin Shaw
G,L,79,233,NA,NA,1995-12-20,Halifax,NS,CAN,26,25,2015,FALSE,Jack Flinn
G,L,74,195,NA,NA,1995-03-09,Nobleton,ON,CAN,NA,26,2015,FALSE,Lucas Peressini
G,L,73,196,NA,NA,1996-08-17,Raleigh,NC,USA,28,27,2015,FALSE,Logan Halladay
G,L,73,170,NA,NA,1996-04-10,Edmonton,AB,CAN,25,28,2015,FALSE,Jordan Papirny
G,L,75,214,Omaha,USHL,1997-06-25,Anchorage,AK,USA,NA,29,2015,FALSE,Kristian Oldham
G,L,76,214,NA,NA,1995-08-24,Edmonton,AB,CAN,NA,30,2015,FALSE,Landon Bow
G,L,72,187,INGOLSTADT,GERMANY,1997-04-02,Porvoo,NA,FIN,8,NA,2015,TRUE,Christian Heljanko
G,L,76,211,Kingston,OHL,1997-05-25,Markham,ON,CAN,17,NA,2015,FALSE,Jeremy Helvig
G,L,75,206,NA,NA,1997-01-19,St. Louis Park,MN,USA,19,NA,2015,FALSE,Jens (Vaughan) Ahrens
G,L,73,200,KHABAROVSK,RUSSIA,1997-05-01,Hindsdale,IL,USA,21,NA,2015,FALSE,Matthew Jurusik
G,R,78,220,NA,NA,1997-03-29,Surrey,BC,CAN,22,NA,2015,FALSE,Stefan Wornig
G,L,73,175,NA,NA,1997-07-15,Caraquet,NB,CAN,23,NA,2015,FALSE,Frederic Foulem
G,L,76,196,NA,NA,1997-03-27,Santa Clarita,CA,USA,24,NA,2015,FALSE,Trevin Kozlowski
G,L,72,179,NA,NA,1997-07-31,St. Catharines,ON,CAN,27,NA,2015,FALSE,Zack Bowman
G,L,72,159,NA,NA,1997-04-04,Repentigny,QC,CAN,30,NA,2015,FALSE,Jeremy Belisle
G,L,71,187,NA,NA,1997-08-20,Chicoutimi,QC,CAN,32,NA,2015,FALSE,Olivier Tremblay
G,L,76,206,Aberdeen,NAHL,1997-05-24,Minneapolis,MN,USA,34,NA,2015,FALSE,Peter Thome
G,L,73,178,NA,NA,1997-05-01,Pinella Park,FL,USA,35,NA,2015,FALSE,Conor O'Brien
G,L,74,190,Lulea Jr.,SWEDEN-JR.,1998-06-07,Skelleftea,NA,SWE,1,1,2016,TRUE,Filip Gustavsson
G,L,75,203,Sherbrooke,QMJHL,1998-01-28,St. Johns,NL,CAN,2,1,2016,FALSE,Evan Fitzpatrick
G,L,74,186,Everett,WHL,1998-08-13,Sherwood Park,AB,CAN,1,2,2016,FALSE,Carter Hart
G,L,73,191,MALMO,SWEDEN,1997-11-14,Uppsala,NA,SWE,6,2,2016,TRUE,Daniel Marmenlind
G,R,73,183,Karpat,FINLAND,1997-02-13,Jyvaskyla,NA,FIN,4,3,2016,TRUE,Veini Vehvilainen
G,L,73,182,London,OHL,1997-09-18,Mt. Clemas,MI,USA,6,3,2016,FALSE,Tyler Parsons
G,L,73,190,SPARTA,CZECHIA,1998-01-31,"Pelhrimov, Czech Republic",NA,CZE,8,4,2016,FALSE,Josef Korenar
G,L,76,219,Carleton Place,CCHL,1998-03-04,North Bay,ON,CAN,17,4,2016,FALSE,Colton Point
G,L,74,180,Team Russia U18,RUSSIA-JR.,1998-03-01,Ufa,NA,RUS,3,5,2016,TRUE,Mikhail Berdin
G,L,75,202,USA U-18,USHL,1998-07-12,St.Louis,MO,USA,8,5,2016,FALSE,Joseph Woll
G,L,72,179,CLEVELAND,AHL,1997-12-30,Calgary,AB,CAN,3,6,2016,FALSE,Zachary Sawchenko
G,L,77,206,Ec Salzburg 2,RBHS U20,1998-07-31,Turnhout,NA,BEL,NA,6,2016,TRUE,Wouter Peeters
G,L,72,213,KLADNO,CZECHIA,1998-06-19,Prague,NA,CZE,2,7,2016,TRUE,Adam Brizgala
G,L,74,187,NA,NA,1997-09-17,Sainte-Eustache,QC,CAN,13,7,2016,FALSE,Antoine Samuel
G,L,74,180,NA,NA,1996-06-02,Moscow,NA,RUS,10,8,2016,TRUE,Sergei Bolshakov
G,L,74,202,Kamloops,WHL,1997-03-31,Imperial,SK,CAN,12,8,2016,FALSE,Connor Ingram
G,L,73,185,NA,NA,1998-03-17,Chatham,ON,CAN,4,9,2016,FALSE,Joseph Raaymakers
G,L,74,196,NA,NA,1998-01-28,Moscow,NA,RUS,7,9,2016,TRUE,Georgy Kuznetsov
G,L,74,193,Peterborough,OHL,1998-01-03,St. Catherines,ON,CAN,5,10,2016,FALSE,Dylan Wells
G,L,74,196,Djurgarden Jr.,SWEDEN-JR.,1998-08-17,Stockholm,NA,SWE,5,10,2016,TRUE,Filip Larsson
G,L,74,216,Saginaw,OHL,1997-11-06,Bowmanville,ON,CAN,7,11,2016,FALSE,Evan Cormier
G,L,72,167,NA,NA,1998-06-12,Kuopio,NA,FIN,NA,11,2016,TRUE,Leevi Laakso
G,L,74,184,NA,NA,1997-09-24,Renton,WA,USA,9,12,2016,FALSE,Evan Sarthou
G,L,74,176,SPORT,FINLAND,1998-07-15,Loppi,NA,FIN,9,12,2016,TRUE,Niilo Halonen
G,L,75,197,Janesville,NAHL,1998-01-06,Mississauga,ON,CAN,10,13,2016,FALSE,Jack Lafontaine
G,L,75,207,NA,NA,1998-03-24,Visp,NA,CHE,14,13,2016,TRUE,Matteo Ritz
G,L,73,181,NA,NA,1998-07-21,New Westminister,BC,CAN,11,14,2016,FALSE,Brody Willms
G,L,74,213,NA,NA,1996-01-23,NA,NA,SWE,12,14,2016,TRUE,Robin Jensen
G,L,72,185,VAXJO,SWEDEN,1996-09-28,Lahti,NA,FIN,11,15,2016,TRUE,Emil Larmi
G,L,76,211,Kingston,OHL,1997-05-25,Markham,ON,CAN,NA,15,2016,FALSE,Jeremy Helvig
G,L,74,199,NA,NA,1996-05-31,Saskatoon,SK,CAN,NA,16,2016,FALSE,Rylan Toth
G,L,73,200,KHABAROVSK,RUSSIA,1997-05-01,Hindsdale,IL,USA,15,17,2016,FALSE,Matthew Jurusik
G,L,74,187,NA,NA,1998-02-07,Amherst,NY,USA,16,18,2016,FALSE,Tyler Johnson
G,L,72,203,NA,NA,1997-11-13,Pickering,ON,CAN,14,19,2016,FALSE,Troy Timpano
G,L,74,181,ROSENHEIM,GERMANY-2,1997-09-23,Vancouver,BC,CAN,18,20,2016,FALSE,Cody Porter
G,L,74,186,NA,NA,1996-08-20,Whitehorse,YT,CAN,20,21,2016,FALSE,Ty Edmonds
G,L,76,203,NA,NA,1998-09-14,Jackson,MS,USA,25,22,2016,FALSE,Stephen Dhillon
G,L,75,198,VIENNA,AUSTRIA,1996-02-14,Langhorne,PA,USA,22,23,2016,FALSE,Peyton Jones
G,L,78,231,NA,NA,1997-02-16,Rochester,MI,USA,23,24,2016,FALSE,David Ovsjannikov
G,L,72,191,MILWAUKEE,AHL,1998-02-02,Edmonton,AB,CAN,27,25,2016,FALSE,Matthew Murray
G,L,72,187,NA,NA,1996-02-09,Anchorage,AK,USA,NA,26,2016,FALSE,Eric Schierhorn
G,L,76,193,NA,NA,1997-02-20,Kanata,ON,CAN,NA,27,2016,FALSE,Connor Hicks
G,L,76,189,NA,NA,1995-06-27,Gothenburg,NA,SWE,NA,28,2016,FALSE,Zackarias Skog
G,L,72,181,NA,NA,1998-08-22,Halifax,NS,CAN,NA,29,2016,FALSE,Reilly Pickard
G,L,75,202,Leamington,GOJHL,1998-01-14,Leamington,ON,CAN,NA,30,2016,FALSE,Tyler Wall
G,L,72,187,NA,NA,1998-01-02,Kauhava,NA,FIN,13,NA,2016,TRUE,Severi Isokangas
G,L,74,192,St. Cloud State,NCHC,1998-05-05,Povazska Bystrica,NA,SVK,15,NA,2016,FALSE,David Hrenak
G,L,76,206,Aberdeen,NAHL,1997-05-24,Minneapolis,MN,USA,19,NA,2016,FALSE,Peter Thome
G,L,74,199,NA,NA,1998-07-11,Buffalo,NY,USA,21,NA,2016,FALSE,Matthew Ladd
G,L,74,214,NA,NA,1998-06-22,St.Louis,MO,USA,26,NA,2016,FALSE,Tommy Nappier
G,L,73,186,NA,NA,1998-08-10,Halifax,NS,CAN,28,NA,2016,FALSE,Mark Grametbauer
G,L,75,189,NA,NA,1997-01-11,Maple Ridge,BC,CAN,29,NA,2016,FALSE,Nick McBride
G,L,75,177,NA,NA,1997-11-17,Pointe- Clare,QC,CAN,30,NA,2016,FALSE,James Povall
G,L,76,198,HPK Jr.,Finland Jr.,1999-03-09,Espoo,NA,FIN,1,1,2017,TRUE,Ukko-Pekka Luukkonen
G,L,76,218,Boston University,H-EAST,1998-12-18,Lakeville,MN,USA,3,1,2017,FALSE,Jake Oettinger
G,L,77,174,Muskegon,USHL,1999-02-09,Wilbraham,MA,USA,1,2,2017,FALSE,Keith Petruzzelli
G,L,75,207,Farjestad Jr.,SWEDEN-JR.,1999-06-22,Karlstad,NA,SWE,2,2,2017,TRUE,Olle Eriksson Ek
G,L,75,169,Prince Albert,WHL,1999-01-11,Calgary,AB,CAN,2,3,2017,FALSE,Ian Scott
G,L,72,172,VAXJO,SWEDEN,1999-07-31,Vastervik,NA,SWE,NA,3,2017,TRUE,Adam Ahman
G,L,74,208,C. Budejovice Jr.,CZREP-JR.,1999-02-24,Prague,NA,CZE,6,4,2017,TRUE,Jiri Patera
G,L,72,205,Windsor,OHL,1999-06-09,Windsor,ON,CAN,7,4,2017,FALSE,Michael Dipietro
G,L,75,200,Lethbridge,WHL,1998-11-01,Edmonton,AB,CAN,9,5,2017,FALSE,Stuart Skinner
G,L,75,187,Dynamo St. Petersburg 2,RUSSIA-JR.,1999-01-29,Gomel,NA,BLR,NA,5,2017,TRUE,Kirill Ustimenko
G,L,73,198,NA,NA,1998-11-04,Eden Prairie,MN,USA,6,6,2017,FALSE,Dayton Rasmussen
G,L,72,176,MODO,SWEDEN,1999-02-25,Lahti,NA,FIN,9,6,2017,TRUE,Lassi Lehtinen
G,L,74,220,CHEREPOVETS,RUSSIA,1997-01-27,Moscow,NA,RUS,4,7,2017,TRUE,Alexander Samoilov
G,L,75,198,Lincoln,USHL,1999-08-11,Farmington Hills,MI,USA,4,7,2017,FALSE,Cayden Primeau
G,L,75,178,CHICAGO,NHL,1999-08-19,Gothenburg,NA,SWE,5,8,2017,TRUE,Arvid Soderblom
G,L,73,189,Kamloops,WHL,1998-09-20,Lantzville,BC,CAN,17,8,2017,FALSE,Dylan Ferguson
G,L,75,192,Green Bay,USHL,1999-07-22,Kaliningrad,NA,RUS,5,9,2017,FALSE,Maksim Zhukov
G,L,74,176,Jokerit Jr.,Finland Jr.,1999-04-19,Vantaa,NA,FIN,7,9,2017,TRUE,Eetu Makiniemi
G,L,77,185,Ufa 2,RUSSIA-JR.,1999-03-27,Novokuznetsk,NA,RUS,3,10,2017,TRUE,Daniil Tarasov
G,R,77,225,NA,NA,1999-01-22,Quebec City,QC,CAN,16,10,2017,FALSE,Dereck Baribeau
G,L,74,183,KUNLUN RED STAR,RUSSIA,1999-03-08,Hollywood,FL,USA,10,11,2017,FALSE,Kyle Keyser
G,L,75,207,NA,NA,1998-03-24,Visp,NA,CHE,NA,11,2017,TRUE,Matteo Ritz
G,L,74,176,NA,NA,1999-07-13,Nitra,NA,SVK,10,12,2017,TRUE,Juraj Sklenar
G,L,74,187,Sioux Falls,USHL,1998-11-24,Anchorage,AK,USA,18,12,2017,FALSE,Jeremy Swayman
G,R,75,204,NA,NA,1999-04-28,Sherbrooke,QC,CAN,8,13,2017,FALSE,Alex D'Orio
G,L,78,198,PRESOV,SLOVAKIA-2,1999-05-01,Skalica,NA,SVK,NA,13,2017,TRUE,Juraj Ovecka
G,L,75,180,Corpus Christi,NAHL,1999-05-02,Trutnov,NA,CZE,13,14,2017,FALSE,Tomas Vomacka
G,L,76,194,Regina,WHL,1999-03-31,St. John's,NL,CAN,11,15,2017,FALSE,Jordan Hollett
G,L,74,165,Sault Ste. Marie,OHL,1999-06-03,Kingston,ON,CAN,14,16,2017,FALSE,Matt Villalta
G,L,73,190,SPARTA,CZECHIA,1998-01-31,"Pelhrimov, Czech Republic",NA,CZE,15,17,2017,FALSE,Josef Korenar
G,L,76,191,NA,NA,1998-09-23,Brigden,ON,CAN,12,18,2017,FALSE,Kaden Fulcher
G,L,73,170,NA,NA,1999-01-07,Mississagua,ON,CAN,23,19,2017,FALSE,Jake McGrath
G,L,73,199,NA,NA,1997-06-09,Clarkson,MI,USA,20,20,2017,FALSE,Ryan Larkin
G,L,76,203,NA,NA,1998-09-14,Jackson,MS,USA,19,21,2017,FALSE,Stephen Dhillon
G,L,74,194,SPORT,FINLAND,1999-05-23,Helsinki,NA,FIN,21,22,2017,FALSE,Daniel Lebedeff
G,L,74,189,NA,NA,1997-03-14,Phoenix,AZ,USA,NA,23,2017,FALSE,Jaxon Castor
G,L,74,192,St. Cloud State,NCHC,1998-05-05,Povazska Bystrica,NA,SVK,26,24,2017,FALSE,David Hrenak
G,L,76,190,NA,NA,1999-06-03,Red Deer,AB,CAN,31,25,2017,FALSE,Dawson Weatherill
G,R,75,205,Waterloo,USHL,1999-07-22,New Prague,MN,USA,22,26,2017,FALSE,Jared Moe
G,L,74,192,NA,NA,1999-03-27,Oakville,ON,CAN,25,27,2017,FALSE,Christian Propp
G,L,75,190,NA,NA,1999-05-01,Lakewood,OH,USA,NA,28,2017,FALSE,Adam Scheel
G,L,72,191,MILWAUKEE,AHL,1998-02-02,Edmonton,AB,CAN,24,29,2017,FALSE,Matthew Murray
G,L,76,173,NA,NA,1999-05-28,Barrie,ON,CAN,NA,30,2017,FALSE,Luke Richardson
G,L,77,180,Youngstown,USHL,1999-03-05,Moscow,NA,RUS,30,31,2017,FALSE,Ivan Prosvetov
G,L,79,216,NA,NA,1999-05-19,Landsberg am Lech,NA,DEU,8,NA,2017,TRUE,Benjamin Beck
G,L,72,220,NA,NA,1998-06-08,Newmarket,ON,CAN,27,NA,2017,FALSE,Olivier Lafreniere
G,L,76,222,NA,NA,1999-04-10,London,ON,CAN,28,NA,2017,FALSE,Aidan Hughes
G,L,75,196,Vernon,BCHL,1999-07-05,Richmond,BC,CAN,29,NA,2017,FALSE,Ty Taylor
G,L,73,156,Drummondville,QMJHL,2000-07-06,Chicoutimi,QC,CAN,2,1,2018,FALSE,Olivier Rodrigue
G,L,73,166,Trebic,CZREP-2,2000-06-22,Brno,NA,CZE,3,1,2018,TRUE,Lukas Dostal
G,L,75,192,Jihlava,CZREP,1999-11-10,Jihlava,NA,CZE,1,2,2018,TRUE,Jakub Skarek
G,L,76,188,Cape Breton,QMJHL,2000-08-22,Montreal,QC,CAN,4,2,2018,FALSE,Kevin Mandolese
G,R,75,219,Halifax,QMJHL,2000-03-21,Berlin,NA,DEU,1,3,2018,FALSE,Alexis Gravel
G,L,72,172,Bars Kazan,RUSSIA-2,2000-04-26,Kazan,NA,RUS,2,3,2018,TRUE,Amir Miftakhov
G,L,76,209,Karpat Jr.,FINLAND-JR.,2000-03-11,Kempele,NA,FIN,5,4,2018,TRUE,Justus Annunen
G,L,74,208,Steinbach,MJHL,2000-06-09,Steinbach,MB,CAN,11,4,2018,FALSE,Matthew Thiessen
G,L,74,183,Djurgarden Jr.,SWEDEN-JR.,2000-07-23,Stockholm,NA,SWE,4,5,2018,TRUE,Olof Lindbom
G,L,76,207,NA,NA,2000-02-25,Sartell,MN,USA,7,5,2018,FALSE,Keegan Karki
G,L,77,205,Langnau Jr.,SWISS-JR.,2000-05-12,Bern,NA,CHE,7,6,2018,TRUE,Akira Schmid
G,L,74,193,Chicoutimi,QMJHL,1999-11-08,Greenfield Park,QC,CAN,NA,6,2018,FALSE,Zachary Bouthillier
G,L,76,174,Swift Current,WHL,2000-07-30,Winnipeg,MB,CAN,6,7,2018,FALSE,Joel Hofer
G,L,74,176,Brynas Jr.,SWEDEN-JR.,1999-10-20,Falun,NA,SWE,6,7,2018,TRUE,Samuel Ersson
G,L,73,200,YAROSLAVL,RUSSIA,1998-06-29,St. Petersburg,NA,RUS,8,8,2018,TRUE,Alexei Melnichuk
G,R,73,173,Vancouver,WHL,1999-11-25,North Vancouver,BC,CAN,8,8,2018,FALSE,David Tendeck
G,L,72,172,YAROSLAVL,RUSSIA,2000-01-07,Yaroslavl,NA,RUS,9,9,2018,TRUE,Daniil Isayev
G,R,75,209,Des Moines,USHL,1998-05-28,Liptovsky Mikulas,NA,SVK,NA,9,2018,TRUE,Roman Durny
G,R,75,205,Waterloo,USHL,1999-07-22,New Prague,MN,USA,9,10,2018,FALSE,Jared Moe
G,L,75,183,NA,NA,2000-01-09,Hradec Kralove,NA,CZE,10,10,2018,TRUE,Daniel Dvorak
G,L,75,209,Troja-Ljungby Jr.,SWEDEN-JR. 2,2000-03-21,Eksjo,NA,SWE,13,11,2018,TRUE,Jesper Eliasson
G,L,74,192,NA,NA,1999-03-27,Oakville,ON,CAN,NA,11,2018,FALSE,Christian Propp
G,L,74,203,SHEFFIELD,ENGLAND,2000-04-10,Helsinki,NA,FIN,12,12,2018,TRUE,Jere Huhtamaa
G,L,74,192,St. Cloud State,NCHC,1998-05-05,Povazska Bystrica,NA,SVK,14,12,2018,FALSE,David Hrenak
G,L,76,195,Mississauga,OHL,2000-06-10,Barrie,ON,CAN,3,13,2018,FALSE,Jacob Ingham
G,L,73,194,U. Mass.,H-EAST,1999-01-31,Espoo,NA,FIN,NA,13,2018,TRUE,Filip Lindberg
G,L,77,180,Youngstown,USHL,1999-03-05,Moscow,NA,RUS,12,14,2018,FALSE,Ivan Prosvetov
G,L,75,185,LANGNAU,SWISS,2000-08-30,Geneva,NA,CHE,NA,14,2018,TRUE,Stephane Charlin
G,L,75,194,London,OHL,2000-04-30,Bradford,ON,CAN,13,15,2018,FALSE,Jordan Kooy
G,L,73,189,Lone Star,NAHL,1999-06-25,Phoenixville,PA,USA,18,16,2018,FALSE,Mitchell Gibson
G,L,72,185,BOLZANO,AUSTRIA,1998-02-04,Alma,QC,CAN,10,17,2018,FALSE,Samuel Harvey
G,L,75,177,Rouyn-Noranda,QMJHL,2000-06-20,St-Cyprien,QC,CAN,16,18,2018,FALSE,Zachary Emond
G,L,74,170,LONG ISLAND UNIVERSITY,IND NCAA,2000-08-16,Miramichi,NB,CAN,19,19,2018,FALSE,Tyriq Outen
G,L,78,198,PRESOV,SLOVAKIA-2,1999-05-01,Skalica,NA,SVK,27,20,2018,FALSE,Juraj Ovecka
G,L,76,222,Des Moines,USHL,1999-09-25,Erie,PA,USA,5,21,2018,FALSE,Jacob Kucharski
G,L,74,167,NA,NA,2000-06-15,Winnipeg,MB,CAN,NA,22,2018,FALSE,Max Paddock
G,R,78,194,NA,NA,1998-10-29,Lemont,IL,USA,NA,23,2018,FALSE,Vincent Purpura
G,L,74,190,NA,NA,2000-06-07,Winnipeg,MB,CAN,22,24,2018,FALSE,Duncan McGovern
G,L,75,196,Vernon,BCHL,1999-07-05,Richmond,BC,CAN,NA,25,2018,FALSE,Ty Taylor
G,L,74,194,SPORT,FINLAND,1999-05-23,Helsinki,NA,FIN,NA,26,2018,FALSE,Daniel Lebedeff
G,L,76,172,TEXAS,AHL,2000-08-02,Trenton,NJ,USA,26,27,2018,FALSE,Benjamin Kraws
G,L,74,194,NA,NA,1999-08-01,Belleville,ON,CAN,NA,28,2018,FALSE,Anthony Popovich
G,L,74,180,NA,NA,2000-01-01,Miramichi,NB,CAN,21,29,2018,FALSE,Daniel Moody
G,L,70,168,NA,NA,2000-05-01,Fenton,MI,USA,28,30,2018,FALSE,Drew Deridder
G,L,75,204,NA,NA,1999-11-19,Kolomna,NA,RUS,17,31,2018,FALSE,Nick Donofrio
G,L,74,187,LINKOPING,SWEDEN,2000-04-08,Stockholm,NA,SWE,11,NA,2018,TRUE,Jesper Myrenberg
G,L,74,176,ILVES,FINLAND,1999-11-11,Tabor,NA,CZE,14,NA,2018,TRUE,Dominik Pavlat
G,L,73,191,NA,NA,1999-10-06,Tallinn,NA,EST,15,NA,2018,TRUE,Conrad Molder
G,L,74,197,NA,NA,2000-07-20,Highland Park,IL,USA,15,NA,2018,FALSE,Jonathan Mor
G,R,73,201,NA,NA,2000-07-04,St. John,NS,CAN,20,NA,2018,FALSE,Lucas Fitzpatrick
G,L,75,190,NA,NA,1999-05-01,Lakewood,OH,USA,23,NA,2018,FALSE,Adam Scheel
G,L,73,184,NA,NA,2000-07-29,Hibbing,MN,USA,24,NA,2018,FALSE,Ryan Ullan
G,L,72,186,NA,NA,1999-10-12,Longueuil,QC,CAN,25,NA,2018,FALSE,Tristan Cote-Cazenave
G,L,77,215,HOKKI,FINLAND-2,1999-12-20,Grand Rapids,MN,USA,29,NA,2018,FALSE,Zach Stejskal
G,L,76,190,NA,NA,1999-11-08,Picton,ON,CAN,30,NA,2018,FALSE,Jett Alexander
G,L,73,198,NA,NA,1998-11-04,Eden Prairie,MN,USA,31,NA,2018,FALSE,Dayton Rasmussen
G,L,75,180,Ryazan,RUSSIA-2,1999-06-25,Penza,NA,RUS,1,1,2019,TRUE,Pyotr Kochetkov
G,L,76,193,USA U-18,NTDP,2001-04-19,Stamford,CT,USA,1,1,2019,FALSE,Spencer Knight
G,L,75,183,HV 71 Jr.,SWEDEN-JR.,2001-06-04,Danderyd,NA,SWE,3,2,2019,TRUE,Hugo Alnefelt
G,L,80,199,Medicine Hat,WHL,2000-12-13,Aalborg,NA,DNK,3,2,2019,FALSE,Mads Sogaard
G,L,76,198,Peterborough,OHL,2000-09-21,Brantford,ON,CAN,2,3,2019,FALSE,Hunter Jones
G,L,76,216,Liberec Jr.,CZREP-JR.,2001-03-15,Neratovice,NA,CZE,4,3,2019,TRUE,Lukas Parik
G,L,74,215,WESTERN MICHIGAN,NCHC,2001-06-01,Wilmette,IL,USA,4,4,2019,FALSE,Cameron Rowe
G,L,72,202,Yaroslavl,RUSSIA,1998-07-13,Yaroslavl,NA,RUS,5,4,2019,TRUE,Ilya Konovalov
G,L,76,218,IOWA,AHL,2001-05-29,Martin,NA,SVK,2,5,2019,FALSE,Samuel Hlavaj
G,L,72,175,NA,NA,2001-02-24,Brandys nad Labem,NA,CZE,6,5,2019,TRUE,Jan Skorpik
G,L,73,187,Vancouver,WHL,2001-02-05,Brandon,MB,CAN,6,6,2019,FALSE,Trent Miner
G,L,72,177,HIFK,FINLAND,2001-03-14,Espoo,NA,FIN,7,6,2019,TRUE,Roope Taponen
G,R,73,193,NA,NA,2001-02-15,Calgary,AB,CAN,5,7,2019,FALSE,Taylor Gauthier
G,L,73,185,KOLN,GERMANY,2001-02-27,Heillbronn,NA,DEU,8,7,2019,TRUE,Tobias Ancicka
G,L,73,187,Rimouski,QMJHL,2000-10-05,River Denys,NS,CAN,7,8,2019,FALSE,Colten Ellis
G,L,72,172,Bars Kazan,RUSSIA-2,2000-04-26,Kazan,NA,RUS,9,8,2019,TRUE,Amir Miftakhov
G,L,77,174,Janesville,NAHL,2001-02-12,Pickering,ON,CAN,10,9,2019,FALSE,Cole Brady
G,L,73,172,NA,NA,2000-10-23,Pardubice,NA,CZE,10,9,2019,TRUE,Tomas Vlk
G,L,71,165,NA,NA,2001-01-12,Kramfors,NA,SWE,11,10,2019,TRUE,Marcus Nygren
G,L,77,179,Sherwood Park,AJHL,2001-06-05,Edmonton,AB,CAN,12,10,2019,FALSE,Carter Gylander
G,L,73,176,STAVANGER,NORWAY,2000-07-01,Lahti,NA,FIN,12,11,2019,TRUE,Jasper Patrikainen
G,L,75,209,MN Magicians,NAHL,2001-09-04,St. Louis Park,MN,USA,16,11,2019,FALSE,Ethan Haider
G,L,72,161,Everett,WHL,2001-04-16,Gilroy,CA,USA,17,12,2019,FALSE,Dustin Wolf
G,L,72,169,AMBRI,SWISS,2001-02-03,Milano,NA,ITA,NA,12,2019,TRUE,Davide Fadani
G,R,73,198,Tri-City,USHL,2000-09-21,Anchorage,AK,USA,8,13,2019,FALSE,Isaiah Saville
G,L,72,165,COLORADO COLLEGE,NCHC,2001-03-19,Needham,MA,USA,14,14,2019,FALSE,Henry Wilder
G,L,74,184,SAN JOSE,AHL,2000-11-06,Ottawa,ON,CAN,27,15,2019,FALSE,Gabriel Carriere
G,L,76,199,Guelph,OHL,2000-12-22,Munich,NA,DEU,19,16,2019,FALSE,Nicolas Daws
G,L,74,195,Seattle,WHL,2000-07-04,Meadow Lake,SK,CAN,NA,17,2019,FALSE,Roddy Ross
G,L,74,186,NA,NA,2001-07-26,Vancouver,BC,CAN,11,18,2019,FALSE,Roman Basran
G,L,75,194,NOTRE DAME,BIG10,2001-06-21,St. Louis,MO,USA,9,19,2019,FALSE,Jonathan Williams
G,L,72,196,NA,NA,2001-06-08,St-Hyacinthe,QC,CAN,26,20,2019,FALSE,Jonathan Lemieux
G,R,73,175,NA,NA,2000-09-26,Regina,SK,CAN,13,21,2019,FALSE,Ethan Anders
G,L,72,173,NA,NA,2001-01-10,Tacoma,WA,USA,NA,22,2019,FALSE,Nolan Maier
G,R,73,188,NA,NA,2001-04-29,Swindon,NA,GBR,23,23,2019,FALSE,Luke Cavallin
G,R,72,173,DENVER,NCHC,2001-06-16,Calgary,AB,CAN,30,24,2019,FALSE,Matthew Davis
G,L,76,210,NA,NA,2001-01-11,Knoxville,TN,USA,15,25,2019,FALSE,Mack Guzda
G,L,77,215,LINDENWOOD,IND NCAA,2001-01-20,Moorestown,NJ,USA,20,26,2019,FALSE,Alexandros Aslanidis
G,L,75,225,NA,NA,2001-01-27,Vancouver,BC,CAN,21,27,2019,FALSE,Jesse Makaj
G,L,72,175,CLEVELAND,AHL,2001-03-30,Newmarket,ON,CAN,NA,28,2019,FALSE,Jet Greaves
G,L,72,181,MICHIGAN TECH,CCHA,2001-03-20,Scituate,MA,USA,28,29,2019,FALSE,Derek Mullahy
G,L,74,167,NA,NA,2000-06-15,Winnipeg,MB,CAN,NA,30,2019,FALSE,Max Paddock
G,L,76,172,TEXAS,AHL,2000-08-02,Trenton,NJ,USA,25,31,2019,FALSE,Benjamin Kraws
G,L,73,179,SAIPA,FINLAND,2001-07-01,Helsinki,NA,FIN,18,NA,2019,FALSE,Kari Piiroinen
G,L,74,190,NA,NA,2001-02-21,Deux-Montagnes,QC,CAN,22,NA,2019,FALSE,Thommy Monette
G,L,78,192,Selects U18 - South Kent School,HIGH-CT,2001-04-22,Alexandria,VA,USA,24,NA,2019,FALSE,Dominic Basse
G,R,74,198,NA,NA,2000-11-11,Zilina,NA,SVK,29,NA,2019,FALSE,Samuel Vyletelka
G,L,74,193,NA,NA,2001-06-28,East China TWP,MI,USA,31,NA,2019,FALSE,Andrew MacLean
G,R,75,176,Neva St. Petersburg,RUSSIA-2,2002-06-16,Omsk,NA,RUS,1,1,2020,TRUE,Iaroslav Askarov
G,L,76,199,Guelph,OHL,2000-12-22,Munich,NA,DEU,1,1,2020,FALSE,Nicolas Daws
G,L,74,180,USA U-18,NTDP,2002-07-19,Norwell,MA,USA,2,2,2020,FALSE,Drew Commesso
G,L,76,203,Sokolov,CZREP-2,2002-08-26,Rokycany,NA,CZE,2,2,2020,TRUE,Jan Bednar
G,L,74,187,Karpat Jr.,FINLAND-JR.,2002-01-10,Uusikaarlepyy,NA,FIN,3,3,2020,TRUE,Joel Blomqvist
G,L,76,218,IOWA,AHL,2001-05-29,Martin,NA,SVK,3,3,2020,FALSE,Samuel Hlavaj
G,L,74,176,Rogle Jr.,SWEDEN-JR.,2002-05-20,Olofstrom,NA,SWE,4,4,2020,TRUE,Calle Clang
G,L,76,190,Ottawa,OHL,2002-02-26,Peterborough,ON,CAN,16,4,2020,FALSE,Will Cranley
G,L,72,172,Bars Kazan,RUSSIA-2,2000-04-26,Kazan,NA,RUS,7,5,2020,TRUE,Amir Miftakhov
G,L,74,173,Medicine Hat,WHL,2002-05-28,Grande Prairie,AB,CAN,10,5,2020,FALSE,Garin Bjorklund
G,L,72,180,Kamloops,WHL,2002-06-07,Victoria,BC,CAN,7,6,2020,FALSE,Dylan Garand
G,L,74,167,Saipa Jr.,FINLAND-JR.,2002-04-06,Edmonton,AB,CAN,NA,6,2020,TRUE,Juho Markkanen
G,L,79,220,Linkoping Jr.,SWEDEN-JR.,2002-04-24,Linkoping,NA,SWE,6,7,2020,TRUE,Hugo Ollas
G,L,73,200,NA,NA,2001-10-26,Saint-Leonard,QC,CAN,12,7,2020,FALSE,Fabio Iacobo
G,L,75,179,AIK Jr.,SWEDEN-JR.,2002-03-11,Stockhom,NA,SWE,8,8,2020,TRUE,Jesper Vikman
G,L,72,184,Carleton Place,CCHL,2001-12-27,Dollard-des-Ormeaux,QC,CAN,17,8,2020,FALSE,Devon Levi
G,L,76,198,NA,NA,2001-12-11,Colorado Springs,CO,USA,4,9,2020,FALSE,Brock Gould
G,L,72,169,AMBRI,SWISS,2001-02-03,Milano,NA,ITA,9,9,2020,TRUE,Davide Fadani
G,L,74,178,Kookoo,FINLAND,2002-04-26,Raleigh,NC,USA,5,10,2020,FALSE,Nick Malik
G,L,76,190,Vsetin,CZREP-2,2002-04-11,Kromeriz,NA,CZE,10,10,2020,TRUE,Jakub Malek
G,L,76,196,NA,NA,2002-04-09,Moose Jaw,SK,CAN,5,11,2020,FALSE,Bryan Thomson
G,L,75,185,NA,NA,2001-09-29,Wotton,QC,CAN,15,12,2020,FALSE,William Grimard
G,L,74,217,Gatineau,QMJHL,2001-10-06,Farnham,QC,CAN,24,13,2020,FALSE,Remi Poirier
G,L,78,200,NA,NA,2002-05-28,Ottawa,ON,CAN,21,14,2020,FALSE,Tye Austin
G,L,74,191,PENN STATE,BIG10,2002-04-27,Mequon,WI,USA,8,15,2020,FALSE,Noah Grannan
G,R,76,183,NA,NA,2002-05-20,Drummondville,QC,CAN,25,16,2020,FALSE,Olivier Adam
G,L,79,198,NA,NA,2002-03-26,Shaker Heights,OH,USA,6,17,2020,FALSE,Colin Purcell
G,L,76,204,NA,NA,2002-01-12,Montclair,NJ,USA,20,18,2020,FALSE,Gustave Bylin
G,R,73,193,NA,NA,2001-02-15,Calgary,AB,CAN,27,19,2020,FALSE,Taylor Gauthier
G,L,76,200,Omaha,USHL,2001-05-27,Ostrava,NA,CZE,9,20,2020,FALSE,Jakub Dobes
G,L,76,205,LAKE SUPERIOR,CCHA,2002-08-28,Rochester,NY,USA,11,21,2020,FALSE,Grant Riley
G,L,74,202,NA,NA,2002-01-13,Port Coquitlam,BC,CAN,31,22,2020,FALSE,Koen MacInnes
G,L,74,184,SAN JOSE,AHL,2000-11-06,Ottawa,ON,CAN,18,23,2020,FALSE,Gabriel Carriere
G,L,75,205,NA,NA,2002-04-11,Georgetown,ON,CAN,13,24,2020,FALSE,Owen Bennett
G,L,74,215,WESTERN MICHIGAN,NCHC,2001-06-01,Wilmette,IL,USA,19,25,2020,FALSE,Cameron Rowe
G,L,74,161,NA,NA,2002-05-21,Edmonton,AB,CAN,23,26,2020,FALSE,Blake Lyda
G,L,76,197,NA,NA,2000-10-03,Stockholm,NA,SWE,NA,27,2020,FALSE,Victor Ostman
G,L,77,204,NA,NA,2002-08-22,Pittsburgh,PA,USA,28,28,2020,FALSE,Aidan Campbell
G,L,71,172,NA,NA,2002-09-09,Belle River,ON,CAN,NA,29,2020,FALSE,Brett Brochu
G,L,73,201,NA,NA,2002-05-22,Lethbridge,AB,CAN,NA,30,2020,FALSE,Brayden Peters
G,L,76,210,NA,NA,2001-01-11,Knoxville,TN,USA,NA,31,2020,FALSE,Mack Guzda
G,L,73,195,NA,NA,2001-10-30,Calgary,AB,CAN,14,NA,2020,FALSE,Jack McNaughton
G,L,76,193,NA,NA,2001-01-14,Boulder,CO,USA,22,NA,2020,FALSE,Jackson Glassford
G,L,74,203,SHEFFIELD,ENGLAND,2000-04-10,Helsinki,NA,FIN,26,NA,2020,FALSE,Jere Huhtamaa
G,L,74,204,MICHIGAN,BIG10,2001-04-26,Suwanee,GA,USA,29,NA,2020,FALSE,Logan Stein
G,L,75,184,NA,NA,2001-11-08,Rockland,ON,CAN,30,NA,2020,FALSE,Zachary Paputsakis
G,L,75,214,Lulea,SWEDEN,2002-11-14,Vasteras,NA,SWE,NA,1,2021,TRUE,Jesper Wallstedt
G,L,78,210,Edmonton,WHL,2002-11-21,Hamilton,ON,CAN,NA,1,2021,FALSE,Sebastian Cossa
G,L,73,187,Minsk,RUSSIA,2002-01-04,Minsk,NA,BLR,NA,2,2021,TRUE,Aleksei Kolosov
G,L,74,187,Sarnia,OHL,2003-01-11,North Bay,ON,CAN,NA,2,2021,FALSE,Benjamin Gaudreau
G,L,75,194,Karlovy Vary,CZREP,2003-05-21,Zlin,NA,CZE,NA,3,2021,TRUE,Patrik Hamrla
G,L,75,202,Saginaw,OHL,2002-10-21,Ottawa,ON,CAN,NA,3,2021,FALSE,Tristan Lennox
G,L,76,173,HIFK Jr.,FINLAND-JR.,2003-02-26,Espoo,NA,FIN,NA,4,2021,TRUE,Aku Koskenvuo
G,R,76,183,NA,NA,2002-05-20,Drummondville,QC,CAN,NA,4,2021,FALSE,Olivier Adam
G,L,73,190,Djurgarden Jr.,SWEDEN-JR.,2003-05-20,Stockholm,NA,SWE,NA,5,2021,TRUE,Carl Lindbom
G,L,74,191,NA,NA,2003-06-22,Gatineau,QC,CAN,NA,5,2021,FALSE,Emerik Despatie
G,L,78,186,North Bay,OHL,2002-10-24,Hamilton,ON,CAN,NA,6,2021,FALSE,Joe Vrbetic
G,L,72,180,NA,NA,2003-04-30,Prerov,NA,CZE,NA,6,2021,TRUE,Tomas Suchanek
G,R,72,197,NA,NA,2002-07-08,Laval,QC,CAN,NA,7,2021,FALSE,Francesco Lapenna
G,L,77,202,Assat Jr.,FINLAND-JR.,2002-10-22,Tampere,NA,FIN,NA,7,2021,TRUE,Rasmus Korhonen
G,L,75,195,Shreveport,NAHL,2002-12-16,Yaroslavl,NA,RUS,NA,8,2021,FALSE,Arsenii Sergeev
G,L,75,180,Ufa 2,RUSSIA-JR.,2003-02-26,Ufa,NA,RUS,NA,8,2021,TRUE,Semyon Vyazovoi
G,L,76,193,NA,NA,2002-09-24,Saskatoon,SK,CAN,NA,9,2021,FALSE,Carter Serhyenko
G,L,73,172,NA,NA,2002-12-20,Moscow,NA,RUS,NA,9,2021,TRUE,Platon Zadorozhny
G,L,74,178,Kookoo,FINLAND,2002-04-26,Raleigh,NC,USA,NA,10,2021,TRUE,Nick Malik
G,L,72,179,Seattle,WHL,2003-04-14,New Westminster,BC,CAN,NA,10,2021,FALSE,Thomas Milic
G,L,71,172,NA,NA,2002-09-09,Belle River,ON,CAN,NA,11,2021,FALSE,Brett Brochu
G,L,74,183,NA,NA,2002-10-13,Hlubos,NA,CZE,NA,11,2021,TRUE,Pavel Cajan
G,L,76,203,Krefeld,GERMANY,2003-01-25,Ravensburg,NA,DEU,NA,12,2021,TRUE,Nikita Quapp
G,L,79,196,Tri-City,WHL,2002-10-16,Drumheller,AB,CAN,NA,12,2021,FALSE,Talyn Boyko
G,L,74,215,WESTERN MICHIGAN,NCHC,2001-06-01,Wilmette,IL,USA,NA,13,2021,FALSE,Cameron Rowe
G,L,73,187,STRAUBING,GERMANY,2002-05-14,Landshut,NA,DEU,NA,13,2021,TRUE,Florian Bugl
G,L,72,180,WISCONSIN,BIG10,2003-01-23,Mendota Heights,MN,USA,NA,14,2021,FALSE,Anton Castro
G,L,73,162,NA,NA,2003-07-30,Fort Collins,CO,USA,NA,15,2021,FALSE,Braden Holt
G,L,74,175,ARIZONA STATE,NCHC,2002-03-21,Clarence Center,NY,USA,NA,16,2021,FALSE,Luke Pavicich
G,L,76,218,IOWA,AHL,2001-05-29,Martin,NA,SVK,NA,17,2021,FALSE,Samuel Hlavaj
G,R,73,193,NA,NA,2001-02-15,Calgary,AB,CAN,NA,18,2021,FALSE,Taylor Gauthier
G,L,74,196,CORNELL,ECAC,2002-03-21,Owatonna,MN,USA,NA,19,2021,FALSE,Remington Keopple
G,L,71,190,COLORADO COLLEGE,NCHC,2003-07-28,Aspen,CO,USA,NA,20,2021,FALSE,Kaidan Mbereko
G,L,73,187,AJOIE,SWISS,2002-12-24,Neuchtel,NA,CHE,NA,21,2021,FALSE,Noah Patenaude
G,L,73,193,LINDENWOOD,IND NCAA,2003-03-11,Alton,IL,USA,NA,22,2021,FALSE,Owen Bartoszkiewicz
G,R,77,208,Jersey Hitmen,USPHL - NCDC,2002-04-08,Williamsville,NY,USA,NA,23,2021,FALSE,Chase Clark
G,L,75,188,NA,NA,2002-02-07,New York,NY,USA,NA,24,2021,FALSE,Jed Baliotti
G,L,72,175,OHIO STATE,BIG10,2002-09-18,North Vancouver,BC,CAN,NA,25,2021,FALSE,Logan Terness
G,L,79,198,NA,NA,2002-03-26,Shaker Heights,OH,USA,NA,26,2021,FALSE,Colin Purcell
G,L,71,176,NA,NA,2003-09-01,Alma,QC,CAN,NA,27,2021,FALSE,William Blackburn
G,L,78,205,Winnipeg,WHL,2002-07-02,Okotoks,AB,CAN,NA,28,2021,FALSE,Gage Alexander
G,L,75,205,NA,NA,2003-05-01,Davis,CA,USA,NA,29,2021,FALSE,Owen Millward
G,L,75,179,Lincoln,USHL,2003-06-13,Ottawa,ON,CAN,NA,30,2021,FALSE,Cameron Whitehead
G,L,74,202,NA,NA,2002-01-13,Port Coquitlam,BC,CAN,NA,31,2021,FALSE,Koen MacInnes
G,L,73,181,NA,NA,2001-09-27,Edmonton,AB,CAN,NA,32,2021,FALSE,Ethan Kruger
G,L,77,225,JYP Jr.,FINLAND-JR.,2004-01-25,Jyvaskyla,NA,FIN,1,1,2022,TRUE,Topias Leinonen
G,L,76,184,Prince George,WHL,2003-09-27,Winnipeg,MB,CAN,1,1,2022,FALSE,Tyler Brennan
G,R,75,173,Sherbrooke,QMJHL,2003-04-30,Minsk,NA,BLR,2,2,2022,FALSE,Ivan Zhigalov
G,L,72,178,DJURGARDEN,SWEDEN-2,2004-01-01,Taby,NA,SWE,9,2,2022,TRUE,Hugo Havelid
G,L,72,195,QUINNIPIAC,ECAC,2004-02-07,Calabasas,CA,USA,3,3,2022,FALSE,Dylan Silverstein
G,L,75,190,DUBUQUE,USHL,2004-05-30,Sternberk,NA,CZE,3,3,2022,TRUE,Jan Spunar
G,L,76,196,BARS KAZAN,RUSSIA-2,2003-06-11,Orsk,NA,RUS,4,4,2022,TRUE,Maxim Arefyev
G,L,74,195,USA U-18,NTDP,2004-07-01,Long Valley,NJ,USA,5,4,2022,FALSE,Tyler Muszelik
G,L,74,185,NA,NA,2003-12-12,Riga,NA,LVA,5,5,2022,TRUE,Karlis Mezsargs
G,L,77,191,Spokane,WHL,2003-09-23,Vancouver,BC,CAN,7,5,2022,FALSE,Mason Beaupit
G,L,73,187,NA,NA,2004-03-01,Brno,NA,CZE,7,6,2022,TRUE,Michael Schnattinger
G,L,75,183,Prince George,WHL,2004-09-11,Coaldale,AB,CAN,21,6,2022,FALSE,Ty Young
G,L,75,179,Lincoln,USHL,2003-06-13,Ottawa,ON,CAN,4,7,2022,FALSE,Cameron Whitehead
G,R,73,170,LOKO-76 Yaroslavl,RUSSIA-JR.,2004-04-01,Yaroslavl,NA,RUS,NA,7,2022,TRUE,Sergey Murashov
G,R,74,187,COMET HALDEN,NORWAY,2003-03-29,Gothenburg,NA,SWE,2,8,2022,TRUE,Ian Blomquist
G,L,76,191,Swift Current,WHL,2004-01-20,Winkler,MB,CAN,26,8,2022,FALSE,Reid Dyck
G,L,74,192,SAGINAW,OHL,2004-03-26,ShelbyTownship,MI,USA,8,9,2022,FALSE,Andrew Oke
G,L,75,190,Karpat Jr.,FINLAND-JR.,2004-03-14,Oulu,NA,FIN,8,9,2022,TRUE,Niklas Kokko
G,L,74,196,Waterloo,USHL,2003-12-07,Bonnyville,AB,CAN,NA,10,2022,FALSE,Emmett Croteau
G,R,76,199,Plzen Jr.,CZREP-JR.,2004-05-21,Pilsen,NA,CZE,NA,10,2022,TRUE,Jakub Vondras
G,L,73,162,NA,NA,2003-07-30,Fort Collins,CO,USA,6,11,2022,FALSE,Braden Holt
G,L,72,180,NA,NA,2003-04-30,Prerov,NA,CZE,13,12,2022,FALSE,Tomas Suchanek
G,L,72,186,FORT MCMURRAY,AJHL,2004-02-26,Shawinigan,QC,CAN,11,13,2022,FALSE,Vincent Filion
G,L,73,192,SAULT STE. MARIE,OHL,2004-02-14,Kingston,ON,CAN,10,14,2022,FALSE,Nolan Lalonde
G,R,72,196,MICHIGAN STATE,BIG10,2003-09-24,Livonia,MI,USA,25,15,2022,FALSE,Luca Di Pasquo
G,L,72,187,NA,NA,2003-09-04,Ottawa,ON,CAN,29,16,2022,FALSE,Patrick Leaver
G,R,77,207,KINGSTON,OHL,2004-08-16,Toronto,ON,CAN,12,17,2022,FALSE,Charlie Schenkel
G,L,75,190,OSHAWA,OHL,2004-03-26,Manotick,ON,CAN,15,18,2022,FALSE,Jacob Oster
G,L,73,183,DENVER,NCHC,2004-01-18,Estevan,SK,CAN,28,19,2022,FALSE,Paxton Geisel
G,L,76,191,NA,NA,2004-05-14,Kamloops,BC,CAN,22,20,2022,FALSE,Kolby Hay
G,L,75,162,NA,NA,2004-06-16,Weymouth,MA,USA,NA,21,2022,FALSE,Beau Lane
G,R,74,190,NA,NA,2003-02-27,Toronto,ON,CAN,NA,22,2022,FALSE,Josh Rosenzweig
G,L,74,175,ARIZONA STATE,NCHC,2002-03-21,Clarence Center,NY,USA,NA,23,2022,FALSE,Luke Pavicich
G,L,74,203,North Bay,OHL,2004-03-04,Bolton,ON,CAN,14,24,2022,FALSE,Domenic Divincentiis
G,L,74,185,NA,NA,2004-03-08,Winnipeg,MB,CAN,17,25,2022,FALSE,Matthew Kieper
G,L,74,174,VERMONT,H-EAST,2003-04-15,Molle,NA,SWE,9,26,2022,FALSE,Axel Mangbo
G,L,74,187,NORTH DAKOTA,NCHC,2003-02-14,Heron Lake,MN,USA,23,27,2022,FALSE,Hobie Hedquist
G,L,72,179,Seattle,WHL,2003-04-14,New Westminster,BC,CAN,NA,28,2022,FALSE,Thomas Milic
G,L,73,171,ASIAGO,AUSTRIA,2002-08-04,Hamilton,ON,CAN,NA,29,2022,FALSE,Marco Costantini
G,L,74,171,KAMLOOPS,WHL,2004-02-06,Regina,SK,CAN,NA,30,2022,FALSE,Dylan Ernst
G,L,71,172,NA,NA,2002-09-09,Belle River,ON,CAN,16,31,2022,FALSE,Brett Brochu
G,L,74,205,DRUMMONDVILLE,QMJHL,2004-03-31,Bay Roberts,NL,CAN,NA,32,2022,FALSE,Riley Mercer
G,L,71,200,PERM,RUSSIA-2,2002-01-10,Tula,NA,RUS,6,NA,2022,TRUE,Yegor Guskov
G,L,67,150,NA,NA,2004-04-16,Stockholm,NA,SWE,10,NA,2022,TRUE,Lukas Swedin
G,R,72,195,PRINCE GEORGE,BCHL,2004-03-23,Levis,QC,CAN,18,NA,2022,FALSE,Charles-Edward Gravel
G,L,71,190,COLORADO COLLEGE,NCHC,2003-07-28,Aspen,CO,USA,19,NA,2022,FALSE,Kaidan Mbereko
G,L,74,195,NA,NA,2003-01-09,Trois-Rivires,QC,CAN,20,NA,2022,FALSE,William Rousseau
G,L,73,172,NA,NA,2002-12-20,Moscow,NA,RUS,24,NA,2022,FALSE,Platon Zadorozhny
G,L,75,207,ROBERT MORRIS,AH,2003-10-13,Hastings,MN,USA,27,NA,2022,FALSE,Croix Kochendorfer
G,L,74,172,NA,NA,2003-01-19,Swift Current,SK,CAN,30,NA,2022,FALSE,Chase Coward
G,L,75,157,NA,NA,2003-04-04,Markham,ON,CAN,31,NA,2022,FALSE,Benjamin West
G,R,72,183,NEBRASKA-OMAHA,NCHC,2002-06-01,Trencin,NA,SVK,32,NA,2022,FALSE,Simon Latkoczy
G,L,74,183,NYBRO,SWEDEN-2,2004-01-05,Boblingen,NA,DEU,1,1,2023,TRUE,Alexander Hellnemo
G,L,75,190,Brandon,WHL,2005-06-30,Brandon,MB,CAN,1,1,2023,FALSE,Carson Bjarnason
G,L,73,176,Kalpa,FINLAND,2002-09-12,Kuopio,NA,FIN,2,2,2023,TRUE,Juha Jatkola
G,L,79,215,Omaha,USHL,2005-01-20,Prague,NA,CZE,2,2,2023,FALSE,Michael Hrabal
G,R,74,187,COMET HALDEN,NORWAY,2003-03-29,Gothenburg,NA,SWE,3,3,2023,TRUE,Ian Blomquist
G,L,73,190,USA U-18,NTDP,2005-02-23,St. Louis,MO,USA,3,3,2023,FALSE,Trey Augustine
G,L,73,158,TPS,FINLAND,2005-04-19,Forssa,NA,FIN,6,4,2023,TRUE,Noa Vali
G,L,72,178,Seattle,WHL,2005-03-09,Irma,AB,CAN,6,4,2023,FALSE,Scott Ratzlaff
G,L,73,222,Youngstown,USHL,2004-11-24,Melbourne,FL,USA,7,5,2023,FALSE,Jacob Fowler
G,L,75,196,TRI-CITY,WHL,2005-03-21,Pardubice,NA,CZE,NA,5,2023,TRUE,Lukas Matecha
G,L,75,186,Chippewa,NAHL,2004-05-06,Poprad,NA,SVK,4,6,2023,FALSE,Adam Gajan
G,L,78,214,Farjestad Jr.,SWEDEN-JR.,2005-01-13,Brunico,NA,ITA,8,6,2023,TRUE,Damian Clara
G,L,74,180,MUSKEGON,USHL,2005-01-18,New York,NY,USA,13,7,2023,FALSE,Stephen Peck
G,L,75,180,Karpat Jr.,FINLAND-JR.,2005-05-11,Oulu,NA,FIN,NA,7,2023,TRUE,Visa Vedenpaa
G,L,73,168,ZEMGALE,LATVIA,2005-02-09,Saldus,NA,LVA,5,8,2023,TRUE,Aksels Ozols
G,L,76,220,USA U-18,NTDP,2005-05-19,Fairmont,MN,USA,5,8,2023,FALSE,Carsen Musser
G,L,76,201,Chelyabinsk Jr.,RUSSIA-JR.,2004-11-20,Chelyabinsk,NA,RUS,7,9,2023,TRUE,Ruslan Khazheyev
G,L,72,180,NA,NA,2003-04-30,Prerov,NA,CZE,8,9,2023,FALSE,Tomas Suchanek
G,L,73,184,TRI-CITY,USHL,2005-09-02,Ostrava,NA,CZE,4,10,2023,TRUE,Adam Dybal
G,L,75,190,DUBUQUE,USHL,2004-05-30,Sternberk,NA,CZE,11,10,2023,FALSE,Jan Spunar
G,L,74,185,MORA,SWEDEN-2,2003-02-14,Helsinki,NA,FIN,9,11,2023,TRUE,Jani Lampinen
G,L,74,183,Quebec,QMJHL,2004-12-23,Montral,QC,CAN,9,11,2023,FALSE,Quentin Miller
G,L,74,183,Khanty-Mansiysk Jr.,RUSSIA-JR.,2005-08-23,Novosibirsk,NA,RUS,10,12,2023,TRUE,Egor Zavragin
G,L,75,204,Flint,OHL,2005-02-04,Burlington,ON,CAN,14,12,2023,FALSE,Nathaniel Day
G,L,76,190,NIAGARA,OHL,2005-04-02,London,ON,CAN,12,13,2023,FALSE,Charlie Robertson
G,L,72,209,SIOUX CITY,USHL,2005-05-01,Dolne Kockovce,NA,SVK,11,14,2023,FALSE,Samuel Urban
G,L,74,190,PETERBOROUGH,OHL,2005-04-25,Ottawa,ON,CAN,29,15,2023,FALSE,Zachary Bowen
G,L,74,189,Warroad,HIGH-MN,2005-07-02,Roseau,MN,USA,26,16,2023,FALSE,Hampton Slukynsky
G,L,75,178,Taft School,HIGH-CT,2005-05-19,Pointe-Claire,QC,CAN,16,17,2023,FALSE,Rudy Guimond
G,L,76,234,MERRIMACK,H-EAST,2002-04-03,Angelholm,NA,SWE,10,18,2023,FALSE,Max Lundgren
G,R,74,195,LETHBRIDGE,WHL,2005-01-13,Calgary,AB,CAN,17,19,2023,FALSE,Jackson Unger
G,L,74,153,MICHIGAN,BIG10,2004-05-26,South Lyon,MI,USA,31,20,2023,FALSE,Cameron Korpi
G,L,73,190,NA,NA,2005-01-14,Montreal,QC,CAN,18,21,2023,FALSE,Daniel Heroux
G,L,73,166,MAINE,H-EAST,2003-08-30,Talsi,NA,LVA,22,22,2023,FALSE,Patriks Berzins
G,L,74,175,PRINCE GEORGE,WHL,2005-01-23,Sherwood Park,AB,CAN,NA,23,2023,FALSE,Cooper Michaluk
G,L,74,205,DRUMMONDVILLE,QMJHL,2004-03-31,Bay Roberts,NL,CAN,28,24,2023,FALSE,Riley Mercer
G,R,77,207,KINGSTON,OHL,2004-08-16,Toronto,ON,CAN,23,25,2023,FALSE,Charlie Schenkel
G,L,74,171,KAMLOOPS,WHL,2004-02-06,Regina,SK,CAN,15,26,2023,FALSE,Dylan Ernst
G,L,74,195,NIAGARA,OHL,2004-05-09,Antioch,IL,USA,NA,27,2023,FALSE,Owen Flores
G,L,72,179,Seattle,WHL,2003-04-14,New Westminster,BC,CAN,25,28,2023,FALSE,Thomas Milic
G,L,74,192,SAGINAW,OHL,2004-03-26,ShelbyTownship,MI,USA,NA,29,2023,FALSE,Andrew Oke
G,L,73,172,ACADIE-BATHURST,QMJHL,2004-11-10,Montral,QC,CAN,NA,30,2023,FALSE,Joshua Fleming
G,L,78,207,GCK ZURICH JR.,SWISS-JR.,2005-03-17,Mannedorf,NA,CHE,20,31,2023,FALSE,Tim Metzger
G,R,75,199,NA,NA,2004-04-12,Kingston,ON,CAN,NA,32,2023,FALSE,Corbin Votary
G,R,73,176,PROSTEJOV,CZECHIA-2,2005-07-20,Hodonin,NA,CZE,12,NA,2023,TRUE,Jan Kavan
G,L,74,185,NA,NA,2004-05-11,Levis,QC,CAN,19,NA,2023,FALSE,Samuel St-Hilaire
G,L,77,203,NA,NA,2005-01-02,Novokuznetsk,NA,RUS,21,NA,2023,FALSE,Thomas Kiesewetter
G,L,74,185,MERCYHURST,AH,2005-01-07,Fort Myers,FL,USA,24,NA,2023,FALSE,Michael Chambre
G,L,75,171,Lethbridge,WHL,2004-09-13,Surrey,BC,CAN,27,NA,2023,FALSE,Harrison Meneghin
G,L,72,185,NA,NA,2004-04-28,Rockville,MD,USA,30,NA,2023,FALSE,Jack Spicer
G,L,75,203,PRINCETON,ECAC,2004-04-30,Hartford,CT,USA,32,NA,2023,FALSE,Arthur Smith
G,L,75,187,Jokipojat,FINLAND-2,2005-12-18,Vantaa,NA,FIN,2,1,2024,TRUE,Eemil Vinni
G,L,77,180,Omaha,USHL,2006-03-07,St. Petersburg,NA,RUS,4,1,2024,FALSE,Mikhail Yegorov
G,L,73,188,Owen Sound,OHL,2006-05-20,Thunder Bay,ON,CAN,1,2,2024,FALSE,Carter George
G,L,73,179,Magnitogorsk,RUSSIA,2003-03-27,Kasli,NA,RUS,3,2,2024,TRUE,Ilya Nabokov
G,L,76,187,HPK Jr.,FINLAND-JR.,2006-07-22,Hameenlinna,NA,FIN,1,3,2024,TRUE,Kim Saarinen
G,L,75,196,TRI-CITY,WHL,2005-03-21,Pardubice,NA,CZE,9,3,2024,FALSE,Lukas Matecha
G,L,74,189,USA U-18,NTDP - USHL,2006-03-01,Chicago,IL,USA,2,4,2024,FALSE,Nicholas Kempf
G,L,76,187,SKA St. Petersburg,RUSSIA,2004-09-29,Minsk,NA,BLR,4,4,2024,TRUE,Pavel Moysevich
G,L,74,186,SPOKANE,WHL,2005-09-28,Winnipeg,MB,CAN,5,5,2024,FALSE,Dawson Cowan
G,L,77,206,BRATISLAVA JR.,SLOVAKIA-JR.,2006-07-26,Bojnice,NA,SVK,6,5,2024,TRUE,Martin Haronik
G,L,72,185,DJURGARDEN JR.,SWEDEN-JR.,2005-10-27,Stockholm,NA,SWE,9,6,2024,TRUE,Teodor Munther
G,L,76,193,Sault Ste. Marie,OHL,2006-01-03,Barrie,ON,CAN,17,6,2024,FALSE,Landon Miller
G,R,74,198,FROLUNDA JR.,SWEDEN-JR.,2006-01-13,Asa,NA,SWE,8,7,2024,TRUE,Hugo Laring
G,L,72,175,Saskatoon,WHL,2006-01-25,Fort St. John,BC,CAN,16,7,2024,FALSE,Evan Gardner
G,L,75,184,ROUYN-NORANDA,QMJHL,2006-07-02,Mont-Laurier,QC,CAN,7,8,2024,FALSE,Zach Pelletier
G,L,72,176,K-ESPOO,FINLAND,2006-04-25,Kirkkonummi,NA,FIN,NA,8,2024,TRUE,Petteri Rimpinen
G,L,73,158,TPS,FINLAND,2005-04-19,Forssa,NA,FIN,7,9,2024,TRUE,Noa Vali
G,L,74,158,Red Deer,WHL,2006-07-26,Prince Albert,SK,CAN,13,9,2024,FALSE,Chase Wutzke
G,L,73,179,Mississauga,OHL,2006-06-01,Hamilton,ON,CAN,3,10,2024,FALSE,Ryerson Leenders
G,L,78,212,Leksand Jr.,SWEDEN-JR.,2005-09-28,Falun,NA,SWE,NA,10,2024,TRUE,Marcus Gidlof
G,L,75,207,JYP Jr.,FINLAND-JR.,2006-02-06,Jyvaskyla,NA,FIN,5,11,2024,TRUE,Veeti Louhivaara
G,L,74,185,NA,NA,2004-05-11,Levis,QC,CAN,14,11,2024,FALSE,Samuel St-Hilaire
G,L,74,176,NA,NA,2005-10-06,Weiswasser,NA,DEU,10,12,2024,FALSE,Keegan Warren
G,R,76,203,LIBEREC JR.,CZECHIA-JR.,2005-09-22,Liberec,NA,CZE,10,12,2024,TRUE,Vojtech Hambalek
G,L,75,194,CHICAGO,USHL,2006-01-15,Cortland,NY,USA,6,13,2024,FALSE,John Parsons
G,L,75,203,MODO JR.,SWEDEN-JR.,2006-09-02,Ornskoldsvik,NA,SWE,13,13,2024,TRUE,Ebbe Lundberg
G,L,74,181,SAIPA JR.,FINLAND-JR.,2006-09-11,Mlada Boleslav,NA,CZE,11,14,2024,TRUE,Matyas Marik
G,L,74,185,NA,NA,2006-03-03,Toronto,ON,CAN,15,14,2024,FALSE,Marko Bilic
G,L,74,167,Chicago,USHL,2006-08-22,Sherbrooke,QC,CAN,20,15,2024,FALSE,Louka Cloutier
G,R,73,176,PROSTEJOV,CZECHIA-2,2005-07-20,Hodonin,NA,CZE,NA,15,2024,TRUE,Jan Kavan
G,L,77,200,ROGLE JR.,SWEDEN-JR.,2006-08-06,Molndal,NA,SWE,12,16,2024,TRUE,Axel Nyman
G,L,76,170,CHILLIWACK,BCHL,2006-01-24,Berlin,NA,DEU,24,16,2024,FALSE,Sebastian Gatto
G,L,76,216,NOBLE & GREENOUGH,HIGH-MA,2006-07-17,Boston,MA,USA,11,17,2024,FALSE,Thatcher Bernstein
G,L,75,190,Zug Jr.,SWISS-JR.,2006-06-18,Therwil,NA,CHE,14,17,2024,TRUE,Christian Kirsch
G,L,73,174,Cape Breton,QMJHL,2006-04-14,Ostrava,NA,CZE,12,18,2024,FALSE,Jakub Milota
G,L,74,187,NA,NA,2006-06-11,Delemont,NA,CHE,15,18,2024,TRUE,Phileas Lachat
G,R,76,190,FLINT,OHL,2006-06-30,Kitchener,ON,CAN,NA,19,2024,FALSE,Noah Bender
G,R,74,176,CRANBROOK,BCHL,2006-01-30,Ottawa,ON,CAN,25,20,2024,FALSE,Jaden Cholette
G,L,72,209,SIOUX CITY,USHL,2005-05-01,Dolne Kockovce,NA,SVK,27,21,2024,FALSE,Samuel Urban
G,L,73,190,MAINE,H-EAST,2003-08-20,Stockholm,NA,SWE,NA,22,2024,FALSE,Albin Boija
G,L,74,196,MADISON,USHL,2006-06-19,Victoria,MN,USA,8,23,2024,FALSE,Caleb Heil
G,L,75,190,OSHAWA,OHL,2004-03-26,Manotick,ON,CAN,NA,24,2024,FALSE,Jacob Oster
G,L,74,180,MUSKEGON,USHL,2005-01-18,New York,NY,USA,19,25,2024,FALSE,Stephen Peck
G,L,74,180,BRANTFORD,OHL,2006-05-18,Ottawa,ON,CAN,NA,26,2024,FALSE,David Egorov
G,R,74,195,LETHBRIDGE,WHL,2005-01-13,Calgary,AB,CAN,18,27,2024,FALSE,Jackson Unger
G,L,73,180,CEDAR RAPIDS,USHL,2006-03-20,Duluth,MN,USA,NA,28,2024,FALSE,Andrew Reyelts
G,L,79,203,POWELL RIVER,BCHL,2006-05-30,Invermere,BC,CAN,NA,29,2024,FALSE,Ryan Tamelin
G,L,75,186,STRATHROY,GOJHL,2006-01-01,Sudbury,ON,CAN,23,30,2024,FALSE,Karsen Chartier
G,L,77,198,CAMBRIDGE,GOJHL,2006-09-14,Schrobenhausen,NA,DEU,29,31,2024,FALSE,Lennart Neisse
G,R,72,176,WATERLOO,USHL,2006-01-09,Scottsdale,AZ,USA,NA,32,2024,FALSE,Kambryn Hendrickson
G,L,75,190,DUBUQUE,USHL,2004-05-30,Sternberk,NA,CZE,21,NA,2024,FALSE,Jan Spunar
G,L,75,205,MADISON,USHL,2006-05-27,Cleveland,OH,USA,22,NA,2024,FALSE,Ajay White
G,L,75,171,Lethbridge,WHL,2004-09-13,Surrey,BC,CAN,26,NA,2024,FALSE,Harrison Meneghin
G,L,74,189,KELOWNA,WHL,2005-01-31,Calgary,AB,CAN,28,NA,2024,FALSE,Rhett Stoesser
G,L,74,190,PETERBOROUGH,OHL,2005-04-25,Ottawa,ON,CAN,30,NA,2024,FALSE,Zachary Bowen
G,L,72,188,CORPUS CHRISTI,NAHL,2006-02-03,Lagoons Hills,CA,USA,31,NA,2024,FALSE,Vladislav Bryzgalov
G,L,72,175,NA,NA,2006-08-29,Boston,MA,USA,32,NA,2024,FALSE,Sam Caulfield
G,R,77,190,PRINCE GEORGE,WHL,2006-11-27,North Vancouver,BC,CAN,1,NA,2025,FALSE,Joshua Ravensbergen
G,L,72,207,CSKA JR.,RUSSIA-JR.,2007-01-22,Volsk,NA,RUS,1,NA,2025,TRUE,Pyotr Andreyanov
G,L,74,178,LONDON,OHL,2007-09-10,St. Petersburg,NA,RUS,2,NA,2025,FALSE,Alexei Medvedev
G,L,73,190,SKELLEFTEA JR.,SWEDEN-JR.,2007-01-18,Stockholm,NA,SWE,2,NA,2025,TRUE,Love Harenstam
G,L,74,182,BAIE-COMEAU,QMJHL,2007-08-23,Montral,QC,CAN,3,NA,2025,FALSE,Lucas Beckman
G,L,75,203,SPARTAK JR.,RUSSIA-JR.,2007-01-17,Togliatti,NA,RUS,3,NA,2025,TRUE,Semyon Frolov
G,L,72,176,K-ESPOO,FINLAND,2006-04-25,Kirkkonummi,NA,FIN,4,NA,2025,TRUE,Petteri Rimpinen
G,L,74,190,ROUYN-NORANDA,QMJHL,2007-07-22,Salaberry-de-valleyfield,QC,CAN,4,NA,2025,FALSE,Samuel Meloche
G,L,74,187,MAGNITOGORSK JR.,RUSSIA-JR.,2006-07-20,Magnitogorsk,NA,RUS,5,NA,2025,TRUE,Andrei Trofimov
G,L,71,178,BRAMPTON,OHL,2007-05-22,Mississauga,ON,CAN,5,NA,2025,FALSE,Jack Ivankovic
G,L,74,173,PORTLAND,WHL,2007-07-19,Jihlava,NA,CZE,6,NA,2025,FALSE,Ondrej Stebetak
G,L,74,192,KALPA JR.,FINLAND-JR.,2007-03-29,Siilinjarvi,NA,FIN,6,NA,2025,TRUE,Patrik Kerkola
G,L,76,192,FRIBOURG JR.,SWISS-JR.,2006-10-17,Biel-Bienne,NA,CHE,7,NA,2025,TRUE,Elijah Neuenschwander
G,L,80,206,QUEBEC,QMJHL,2006-09-26,Quebec City,QC,CAN,7,NA,2025,FALSE,Louis-Antoine Denault
G,L,76,211,VICTORIAVILLE,QMJHL,2006-11-21,Sorel-Tracy,QC,CAN,8,NA,2025,FALSE,Gabriel D'Aigle
G,L,76,195,TRI-CITY,USHL,2007-03-10,Dolny Kubin,NA,SVK,8,NA,2025,TRUE,Michal Pradel
G,L,77,190,FARJESTAD JR.,SWEDEN-JR.,2007-05-05,Vasteras,NA,SWE,9,NA,2025,TRUE,Mans Goos
G,L,80,205,KEMPTVILLE,CCHL,2006-04-01,Kitchener,ON,CAN,9,NA,2025,FALSE,Trenten Bennett
G,L,74,190,BARRIE,OHL,2006-04-04,Milton,ON,CAN,10,NA,2025,FALSE,Ben Hrebik
G,L,75,176,OREBRO JR.,SWEDEN-JR.,2007-04-13,Vasteras,NA,SWE,10,NA,2025,TRUE,Filip Holmstrom
G,L,74,201,VICTORIA,WHL,2006-11-18,Prince Albert,SK,CAN,11,NA,2025,FALSE,Jayden Kraus
G,L,72,183,LUKKO JR.,FINLAND-JR.,2007-02-28,Tampere,NA,FIN,11,NA,2025,TRUE,Jooa Sammalniemi
G,L,72,172,LULEA JR.,SWEDEN-JR.,2007-04-04,Lulea,NA,SWE,12,NA,2025,TRUE,Isak Sorqvist
G,L,74,199,OWEN SOUND,OHL,2007-02-05,London,ON,CAN,12,NA,2025,FALSE,Matthew Koprowski
G,L,75,185,AUSTIN,NAHL,2006-11-21,Stockholm,NA,SWE,13,NA,2025,FALSE,Carl Axelsson
G,L,75,185,UFA JR.,RUSSIA-JR.,2007-05-30,Chernolesovsky,NA,RUS,13,NA,2025,TRUE,Ivan Tkach-Tkachenko
G,R,76,224,KARLOVY VARY JR.,CZECHIA-JR.,2007-08-26,Pilsen,NA,CZE,14,NA,2025,TRUE,Michal Orsulak
G,L,77,177,COLLINGWOOD,OJHL,2006-10-15,Georgetown,ON,CAN,14,NA,2025,FALSE,Noah Tegelaar
G,L,73,192,SIOUX CITY,USHL,2007-02-25,St.Cloud,MN,USA,15,NA,2025,FALSE,Bjorn Bronas
G,L,76,175,ZUG JR.,SWISS-JR.,2007-01-15,NA,NA,CHE,15,NA,2025,TRUE,Matia Birchler
G,L,74,188,LETHBRIDGE,WHL,2007-03-28,Port Alberni,BC,CAN,16,NA,2025,FALSE,Koen Cleaver
G,L,74,183,AIK JR.,SWEDEN-JR.,2005-07-28,Stockholm,NA,SWE,16,NA,2025,TRUE,Simon Carlsson
G,L,75,194,CHICAGO,USHL,2006-01-15,Cortland,NY,USA,17,NA,2025,FALSE,John Parsons
G,L,74,206,ROCHESTER JR. AMERICANS,NAHL,2007-04-09,Rochester,NY,USA,18,NA,2025,FALSE,Ethan Phillips
G,L,74,190,CALGARY,WHL,2006-10-04,Anchorage,AK,USA,19,NA,2025,FALSE,Anders Miller
G,L,73,194,SHERBROOKE,QMJHL,2005-08-16,Ogre,NA,LVA,20,NA,2025,FALSE,Linards Feldbergs
G,L,72,180,LONE STAR,NAHL,2007-08-21,Berwyn,PA,USA,21,NA,2025,FALSE,Ryan Cameron
G,R,72,172,NORTH BAY,OHL,2006-03-22,Warkworth,ON,CAN,22,NA,2025,FALSE,Michael McIvor
G,L,76,210,KELOWNA,WHL,2006-10-12,Calgary,AB,CAN,23,NA,2025,FALSE,Jake Pilon
G,L,74,179,TRI-CITY,USHL,2007-02-27,Bakersfield,CA,USA,24,NA,2025,FALSE,Kyle Jones
G,L,75,197,VANCOUVER,WHL,2007-04-30,Brandon,MB,CAN,25,NA,2025,FALSE,Burke Hood
G,L,72,205,OTTAWA,OHL,2007-04-11,Nepean,ON,CAN,26,NA,2025,FALSE,Jaeden Nelson
G,L,74,172,BURLINGTON,OJHL,2007-01-14,Brampton,ON,CAN,27,NA,2025,FALSE,Michael Newlove
G,L,73,185,USA U-18,NTDP - USHL,2007-04-19,Kennett Square,PA,USA,28,NA,2025,FALSE,Patrick Quinlan
G,R,72,176,WATERLOO,USHL,2006-01-09,Scottsdale,AZ,USA,29,NA,2025,FALSE,Kambryn Hendrickson
G,L,74,172,BRUNSWICK PREP,HIGH-CT,2007-04-24,New York,NY,USA,30,NA,2025,FALSE,Dylan Lee-Stack
G,L,74,180,BRANTFORD,OHL,2006-05-18,Ottawa,ON,CAN,31,NA,2025,FALSE,David Egorov
G,L,76,182,RIMOUSKI,QMJHL,2006-06-18,Valleyfield,QC,CAN,32,NA,2025,FALSE,Mathis Langevin
